capacity_1e4_m3_d,CH4_1e4_m3_yr,tier
100.0,927.465,I
60.0,704.8734000000001,I
40.0,491.27539999999993,I
15.0,164.09806875,I
8.0,80.526446,I
20.0,180.012525,I
10.0,123.7322625,I
4.0,51.26352,II
0.36,0.835477335,III
2.0,9.330860000000001,II
2.0,7.72184875,II
1.0,3.76466475,III
0.4,2.19219,III
2.0,11.000297,II
13.0,125.22885375000001,I
4.5,27.792331875000002,II
3.0,25.737153749999997,II
0.5,8.904366625,III
0.1,1.3086390625000002,III
0.2,1.534533,III
4.0,32.06780500000001,II
4.0,28.32984,II
55.0,579.6656250000001,I
45.0,274.44532499999997,I
45.0,548.8906499999999,I
40.0,636.2972000000001,I
10.0,148.95650000000003,I
20.0,170.87840000000003,I
4.0,44.560477500000005,II
3.0,24.535665,II
3.0,27.739634999999996,II
6.0,35.85495375,I
5.0,32.46127499999999,I
1.0,12.3662,III
3.0,23.945459999999997,II
7.0,48.790279999999996,I
3.7,27.660941000000005,II
1.0,4.77925525,III
10.0,87.57518,I
5.0,21.95703125,I
0.2,1.658195,III
3.0,29.088675,II
3.0,12.394305000000001,II
2.0,5.902050000000001,II
1.0,0.9878907499999999,III
1.0,3.20397,III
0.5,1.0679900000000002,III
3.0,6.492255,II
1.0,2.164085,III
1.0,6.857620000000002,III
3.0,7.335405000000001,II
0.4,2.9049328000000005,III
3.0,11.804100000000002,II
55.0,273.21573125,I
45.0,242.82719999999995,I
40.0,215.8464,I
16.0,111.97032000000002,I
20.0,157.95010000000002,I
3.0,7.925610000000001,II
5.0,52.55635,I
10.0,48.34060000000001,I
10.0,77.95624375000001,I
60.0,684.6378,I
5.0,33.585475,I
2.0,5.452369999999999,II
6.0,37.47801750000001,I
10.0,98.3675,I
2.0,14.50218,II
5.0,22.765050000000002,I
10.0,109.43384375,I
3.0,34.56914999999999,II
3.0,11.804100000000002,II
4.0,20.446387500000004,II
10.0,111.01475,I
12.0,141.31194,I
2.5,18.075028125000003,II
2.0,21.022540000000003,II
8.0,27.346164999999996,I
5.0,15.45775,I
1.0,3.65365,III
4.0,36.536500000000004,II
12.0,141.6492,I
7.0,35.80577,I
7.0,47.683645625000004,I
4.0,19.884287500000003,II
15.0,168.20842500000003,I
16.0,214.49736000000001,I
15.0,126.525196875,I
5.0,38.11740625,I
8.0,98.9296,I
5.0,24.345956250000004,I
4.0,10.79232,II
11.3,165.780153,I
4.0,10.820425000000002,II
2.0,5.8036825,II
2.0,9.344912500000001,II
8.0,40.133939999999996,I
8.0,17.987199999999998,I
8.0,75.32140000000001,I
3.0,19.464117750000003,II
4.0,21.58464,II
0.5,2.3362281250000003,III
1.0,7.588349999999998,III
5.0,48.593545,I
1.3,8.746838100000002,III
8.0,68.716725,I
5.0,35.570390624999995,I
16.0,182.12040000000002,I
4.0,23.068584,II
4.0,28.728931,II
4.0,23.068584,II
2.0,9.6653095,II
3.0,6.270928125,II
4.0,25.74418,II
10.0,93.02755,I
6.0,31.02792,I
2.5,13.771449999999998,II
2.0,12.422410000000001,II
2.0,10.567479999999998,II
5.0,21.781375,I
4.0,22.961785,II
10.0,34.56914999999999,I
1.5,6.1128375,III
10.0,58.17735,I
5.0,43.78759,I
2.0,12.928300000000002,II
5.0,28.38605,I
5.0,37.379650000000005,I
6.0,31.575967499999997,I
10.0,89.76034375,I
10.0,67.97896874999999,I
3.3,9.1007503125,II
1.5,8.76876,III
6.6,48.042687,I
2.0,12.5488825,II
6.0,15.176699999999997,I
3.0,17.959095,II
4.0,12.141359999999999,II
4.0,22.534588999999997,II
4.0,46.884761000000005,II
2.0,12.869279499999998,II
6.0,58.85187,I
3.0,27.075654374999996,II
4.0,42.71960000000001,II
5.0,40.049625,I
5.0,49.394537500000006,I
3.0,21.911360624999997,II
2.0,15.28912,II
1.6,11.331936,III
1.0,8.178555000000001,III
1.5,10.493001750000001,III
3.0,19.550540625,II
2.0,14.90267625,II
1.8,6.374214,III
1.5,9.291513000000002,III
3.0,30.616884374999994,II
2.0,13.13206125,II
0.8,5.2117912,III
3.0,17.874779999999998,II
2.0,10.18103625,II
3.0,23.77683,II
2.0,14.78323,II
2.0,14.0525,II
1.5,8.347185000000001,III
2.0,12.81588,II
2.5,12.1554125,II
2.0,13.32879625,II
4.0,22.320991,II
5.0,39.838837500000004,I
4.0,18.7600875,II
4.0,16.033902500000003,II
4.0,17.20026,II
3.0,4.805955,II
4.0,25.4771825,II
5.0,7.992359375,I
3.0,16.947315,II
1.5,5.6491050000000005,III
2.0,3.737965,II
2.0,11.01716,II
2.0,8.431499999999998,II
0.25,2.1078749999999995,III
4.0,45.86736,II
3.0,26.727855000000005,II
1.2,11.837826000000002,III
1.25,5.779090625000001,III
1.5,6.1602646875,III
4.0,28.105,II
2.0,11.374093499999999,II
2.0,12.98451,II
3.0,16.90094175,II
1.0,9.615423125000001,III
1.0,4.131435,III
2.0,7.369130999999999,II
2.0,11.427493,II
2.0,10.9468975,II
3.0,18.296355,II
2.0,11.908088500000002,II
3.0,12.731565,II
2.0,8.37529,II
3.0,16.01985,II
3.0,10.033484999999999,II
3.0,13.996290000000002,II
2.0,7.1808274999999995,II
1.5,8.5579725,III
1.5,8.484196875,III
2.0,12.689407500000002,II
1.5,8.115318749999998,III
3.0,23.692515,II
2.0,16.91921,II
2.0,8.431499999999998,II
2.0,4.665430000000001,II
2.0,13.082877499999999,II
1.5,4.215749999999999,III
1.25,6.393887500000001,III
1.5,18.970875,III
2.0,11.01716,II
3.0,17.36889,II
3.0,14.90267625,II
2.0,5.958260000000001,II
2.0,13.830470500000002,II
2.0,10.306103499999999,II
3.0,11.435221875000002,II
2.0,11.213895,II
2.2,16.609352374999997,II
2.0,13.602820000000001,II
3.0,16.52574,II
3.0,16.778685,II
2.0,12.81588,II
2.5,15.879324999999998,II
3.0,15.271554375000001,II
3.0,16.5004455,II
3.0,17.284574999999997,II
3.0,15.8090625,II
2.5,15.369921875,II
3.0,15.851220000000001,II
3.0,18.549300000000002,II
3.0,13.456674000000001,II
3.0,13.648490625,II
16.0,168.18032000000002,I
4.0,31.674335,II
6.0,61.71858,I
2.0,9.83675,II
4.8,25.901568,II
8.0,43.16928,I
5.0,18.4228275,I
16.0,198.30888000000002,I
1.5,9.44328,III
1.0,7.72184875,III
0.8,6.4725814999999995,III
4.0,22.70884,II
0.5,2.838605,III
10.0,106.7287375,I
10.0,112.13895,I
2.0,8.9514425,II
4.0,29.11678,II
0.5,3.0353399999999997,III
6.0,35.58093,I
1.5,10.750162500000002,III
1.0,5.434804375000001,III
1.0,4.106843125,III
2.0,15.28912,II
2.0,14.066552499999997,II
0.4,1.928003,III
0.5,3.3585475,III
8.0,87.6876,I
2.0,13.377979999999999,II
3.0,24.45135,II
0.8,1.01178,III
2.0,14.10871,II
10.0,83.75290000000001,I
7.5,52.9076625,I
1.5,4.215749999999999,III
1.2,9.477006000000003,III
1.5,8.889962812499999,III
0.3,0.48059550000000006,III
2.0,13.082877499999999,II
1.0,8.178555000000001,III
2.0,6.6889899999999995,II
1.5,12.309989999999999,III
1.5,5.3856206250000005,III
0.8,5.50858,III
0.8,3.6648920000000005,III
1.0,5.39616,III
2.0,5.58586875,II
0.48,2.02356,III
7.5,46.109765625,I
1.0,2.5997125000000003,III
1.0,4.401945625000001,III
1.8,10.18103625,III
0.6,3.625545,III
1.5,8.5210846875,III
1.0,7.648073125000002,III
4.0,27.126945999999997,II
1.0,7.953714999999999,III
1.0,8.5579725,III
2.0,18.71793,II
3.0,30.469333125,II
2.1,21.082122599999998,II
10.0,84.315,I
0.75,4.942966875,III
1.0,4.5811150000000005,III
1.0,6.998145000000001,III
1.5,9.9913275,III
1.2,8.364048,III
1.8,20.792079000000005,III
2.0,18.493090000000002,II
1.5,13.817120625,III
1.0,8.234765,III
3.0,19.729709999999997,II
4.0,17.565624999999997,II
5.0,20.291809999999998,I
4.5,7.335405000000001,II
3.0,19.055190000000003,II
1.0,6.836541249999999,III
1.5,8.26287,III
1.5,8.889962812499999,III
0.7,4.148649312499999,III
1.5,9.664606875,III
2.0,11.12958,II
0.8,4.226992000000001,III
1.0,7.700770000000001,III
2.5,18.0135484375,II
4.0,34.06326,II
2.0,11.804100000000002,II
2.4,9.982896,II
6.5,50.785735,I
2.0,14.95186,II
0.5,2.7121324999999996,III
1.5,10.697465625,III
1.0,5.424264999999999,III
1.5,10.62369,III
0.8,6.025712000000001,III
0.12,0.54147093,III
0.8,5.283739999999999,III
0.8,5.062272600000001,III
1.2,9.139746000000002,III
0.6,5.817735000000001,III
1.0,11.551155,III
1.5,13.1952975,III
0.8,9.960412000000002,III
5.0,39.347,I
7.0,39.59291875,I
4.0,35.52472,II
2.0,14.277340000000002,II
1.6,11.371282999999998,III
2.0,15.45775,II
3.0,18.464985000000002,II
0.5,2.362927875,III
0.3,1.5935535,III
1.0,8.403395000000002,III
0.7,4.524905,III
1.0,7.222985,III
0.25,2.07977,III
0.5,4.3703275,III
0.25,1.7846675000000003,III
0.5,2.00248125,III
1.0,6.773305000000001,III
2.0,11.5933125,II
2.0,15.570170000000001,II
3.5,15.49288125,II
3.0,23.14868325,II
0.35,1.4447726562500003,III
2.0,7.082459999999999,II
2.0,11.410630000000001,II
0.75,4.19467125,III
1.5,11.12958,III
2.0,11.804100000000002,II
0.65,4.0190150000000004,III
0.6,3.54123,III
1.5,8.09002425,III
0.6,5.497338000000001,III
3.0,19.7718675,II
4.0,52.82334749999998,II
40.0,152.8912,I
15.0,94.854375,I
2.0,10.00538,II
40.0,269.80799999999994,I
20.0,101.178,I
1.0,0.0,III
0.5,2.5997125000000003,III
2.0,5.50858,II
2.0,13.09693,II
5.0,23.467675000000003,I
4.0,21.9219,II
7.0,101.90873,I
2.5,9.0638625,II
60.0,212.4738,I
2.5,16.3711625,II
2.0,14.89565,II
2.5,8.993599999999999,II
2.5,14.6146,II
3.0,23.692515,II
2.0,13.32177,II
3.0,7.588349999999998,II
5.0,25.2945,I
5.0,26.9808,I
1.0,5.67721,III
2.5,13.4904,II
2.0,10.79232,II
1.0,2.388925,III
8.0,27.205640000000002,I
12.0,137.60208,I
8.0,37.54828,I
3.0,24.535665,II
10.0,118.32205,I
8.0,111.07096000000001,I
3.0,33.22011,II
3.5,28.723309999999998,II
8.0,56.43484,I
12.0,81.61692,I
6.0,59.35776,I
2.0,0.73073,II
4.0,36.424080000000004,II
3.0,15.261014999999999,II
10.0,67.45199999999998,I
7.0,17.115945,I
1.0,7.02625,III
0.5,8.7266025,III
0.6,2.52945,III
0.5,2.1078749999999995,III
2.5,11.3122625,II
1.0,0.39347000000000004,III
0.2,2.102254,III
2.0,8.543920000000002,II
6.0,38.110380000000006,I
3.0,19.392450000000004,II
3.0,16.18848,II
3.0,16.1800485,II
0.5,2.12895375,III
10.0,39.90910000000001,I
10.0,49.18375,I
3.0,11.12958,II
2.0,11.35442,II
5.0,12.928300000000002,I
10.0,43.28170000000001,I
8.0,57.3342,I
3.0,15.345330000000002,II
2.5,22.905575000000002,II
6.0,29.341620000000002,I
4.0,99.37928000000001,II
25.0,122.959375,I
1.5,4.0049625,III
0.3,1.618848,III
0.2,0.421575,III
1.0,3.3444949999999998,III
0.3,2.0404230000000005,III
6.0,8.937389999999999,I
0.1,0.5396160000000001,III
10.0,53.3995,I
30.0,161.04165000000003,I
2.0,5.73342,II
2.0,12.253779999999999,II
2.0,4.44059,II
2.0,3.428810000000001,II
10.0,71.66774999999998,I
3.0,5.311845,II
2.0,11.35442,II
3.0,9.78054,II
3.0,13.068825,II
20.0,127.03459999999998,I
0.5,1.478323,III
4.0,21.58464,II
2.0,13.883870000000002,II
3.0,17.790465,II
1.5,7.7148225,III
2.0,10.567479999999998,II
2.0,8.65634,II
2.0,9.83675,II
10.0,78.13190000000002,I
10.0,32.0397,I
2.5,22.624525,II
3.0,17.03163,II
10.0,34.00705,I
3.0,18.380670000000002,II
1.5,4.763797500000001,III
10.0,56.7721,I
2.0,3.54123,II
20.0,61.831,I
4.5,16.441425,II
1.5,9.696225000000002,III
2.0,16.01985,II
3.0,12.81588,II
3.0,16.357110000000002,II
10.0,39.90910000000001,I
10.0,34.8502,I
2.0,11.46684,II
2.0,8.09424,II
10.0,15.45775,I
1.5,8.60013,III
1.5,6.618727500000001,III
2.0,11.185789999999999,II
3.0,13.996290000000002,II
8.0,65.87812,I
10.0,186.89825,I
5.0,27.26185,I
1.0,1.0258325000000001,III
3.0,16.01985,II
1.5,6.576569999999999,III
5.0,29.088675,I
5.0,31.618125,I
3.0,23.186625,II
7.0,48.200075000000005,I
3.0,14.670810000000001,II
3.0,6.660885,II
2.0,2.9791300000000005,II
1.5,8.60013,III
0.5,3.906595,III
5.0,28.38605,I
2.5,26.766499375000002,II
10.0,70.08684374999999,I
15.0,114.246825,I
15.0,129.84509999999997,I
39.0,370.48010999999997,I
10.0,67.73304999999999,I
1.5,7.689528000000001,III
9.8,30.848048000000006,I
2.0,11.635470000000002,II
1.5,9.21141375,III
2.5,10.546401249999999,II
3.0,9.291513000000002,II
3.0,23.77683,II
2.0,11.073369999999999,II
10.0,64.8803925,I
5.0,34.9766725,I
30.0,238.61144999999996,I
15.0,45.84628125,I
15.0,61.67642250000001,I
10.0,130.12615,I
32.5,191.816625,I
32.5,203.69098750000003,I
15.0,201.0491175,I
6.0,34.923272999999995,I
5.0,51.572675,I
4.0,3.788554000000001,II
3.0,15.29895675,II
2.0,7.7429274999999995,II
1.0,7.8497265,III
1.2,6.472019400000001,III
10.0,61.831,I
10.0,62.7444125,I
2.0,12.64725,II
1.5,7.489279875000002,III
1.0,5.6870467499999995,III
1.0,5.39616,III
2.0,7.8694,II
2.0,15.379056000000002,II
2.0,13.082877499999999,II
10.0,53.9616,I
2.0,9.38707,II
2.0,10.567479999999998,II
6.0,18.1024305,I
10.0,53.93349499999999,I
2.0,5.1853725,II
1.5,9.21141375,III
1.0,6.1409425,III
2.0,17.942232,II
2.0,14.845061000000001,II
2.0,4.271960000000001,II
2.0,13.43419,II
1.0,5.087005,III
1.5,10.252704000000001,III
5.0,20.095075,I
0.5,2.92292,III
1.0,4.5389574999999995,III
0.6,3.20397,III
5.0,43.00065000000001,I
2.0,14.221129999999999,II
5.0,42.31910375,I
3.0,9.932307,II
1.0,4.103330000000001,III
5.0,47.258557499999995,I
5.0,50.729525,I
2.0,12.709081000000001,II
2.0,10.786699,II
2.0,11.374093499999999,II
2.5,21.159551875,II
3.0,14.898460500000004,II
1.0,3.33746875,III
1.0,8.15045,III
2.0,8.21368625,II
280.0,1204.0182000000002,I
170.0,850.4572999999998,I
7.5,47.4271875,I
6.0,29.67888,I
0.2,0.34850200000000003,III
6.0,37.3262505,I
2.0,9.72433,II
4.0,27.992580000000004,II
10.5,59.0205,I
2.2,18.672962000000002,II
5.0,25.435025,I
40.0,475.25555,I
50.0,136.30924999999996,I
4.0,17.607782500000003,II
10.0,82.90975,I
10.0,71.10565,I
5.0,47.919025000000005,I
5.5,41.117615,I
3.5,18.0012525,II
12.0,97.46814,I
3.0,9.369504375000002,II
1.2,3.8363325000000006,III
3.4,42.558698875,II
0.25,0.46057068749999996,III
0.25,0.72089325,III
1.0,3.1477600000000003,III
0.5,1.401736875,III
2.5,25.224237500000005,II
1.4,10.845016875,III
3.0,28.477391249999997,II
10.0,88.9101675,I
1.0,6.59483825,III
1.0,5.926641875,III
1.0,8.122345,III
12.0,132.20592,I
10.0,93.3086,I
20.0,224.2779,I
1.25,16.19550625,III
5.0,13.630925,I
7.0,42.986597499999995,I
14.0,109.77813,I
5.0,46.93535000000001,I
13.8,165.611523,I
1.7,8.7374931875,III
0.4,1.8689825,III
1.2,6.433234499999999,III
2.5,8.9233375,II
2.5,3.5833875,II
1.75,2.164085,III
1.25,1.264725,III
0.5,1.1944625,III
3.5,0.18075028125000012,II
8.0,44.06864,I
8.0,32.06780500000001,I
2.0,6.970040000000001,II
30.0,81.701235,I
2.0,0.7644560000000001,II
1.5,5.986364999999999,III
20.0,99.49170000000001,I
15.0,112.13895,I
10.0,47.7785,I
5.0,17.987199999999998,I
3.0,10.286430000000001,II
4.0,29.11678,II
4.0,17.2143125,II
6.5,40.0074675,I
4.0,13.26556,II
10.0,21.07875,I
4.0,17.987199999999998,II
3.0,10.697465625,II
2.0,2.6699750000000004,II
5.0,40.75225,I
10.3,53.37315156249999,I
25.0,167.22475,I
30.0,261.3765,I
22.0,135.8736225,I
15.0,68.29515,I
3.0,12.7737225,II
2.5,12.81588,II
3.0,17.790465,II
4.0,64.52908000000001,II
5.0,34.990725,I
1.0,4.215749999999999,III
8.0,50.954365,I
2.0,11.69168,II
1.0,5.0307949999999995,III
1.0,7.3073,III
0.75,0.9696225,III
4.0,34.035154999999996,II
1.0,7.222985,III
0.5,7.449230250000002,III
1.0,9.61191,III
15.0,155.13960000000003,I
20.0,202.356,I
7.5,28.835730000000005,I
5.0,23.32715,I
1.5,6.768386624999999,III
1.25,4.4265375,III
6.0,21.9219,I
2.5,11.874362500000002,II
10.0,37.379650000000005,I
2.5,11.804100000000002,II
5.0,31.899175,I
1.0,3.98388375,III
2.25,16.441425,II
0.5,2.75007425,III
0.6,1.528209375,III
1.25,5.2257734375,III
0.14,0.511511,III
0.25,0.983675,III
0.5,0.9415174999999999,III
2.75,13.37095375,II
2.0,8.88118,II
1.0,3.906595,III
3.5,12.480376562500002,II
7.0,21.345747499999998,I
2.0,13.869817499999998,II
1.0,3.513125,III
3.0,16.272795000000002,II
1.1,3.192025375,III
2.0,11.298210000000001,II
2.5,7.008684375,II
0.4,1.787478,III
9.0,68.61133124999999,I
3.0,16.357110000000002,II
3.0,18.14880375,II
3.0,21.58464,II
2.0,7.02625,II
1.5,8.9795475,III
1.5,6.0285225,III
3.0,22.796668125,II
1.0,7.648073125000002,III
1.7,10.606827000000001,III
5.0,42.1575,I
4.0,29.262926,II
4.0,12.253779999999999,II
7.5,59.86365,I
2.0,18.380670000000002,II
1.0,4.5530100000000004,III
2.0,12.085150000000002,II
4.0,40.358779999999996,II
2.0,19.392450000000004,II
0.5,2.7121324999999996,III
8.0,78.694,I
8.0,112.33568499999998,I
4.0,50.943123,II
4.0,36.311659999999996,II
4.0,31.719302999999996,II
18.0,169.6502115,I
14.0,92.07198000000001,I
4.0,28.89194,II
2.0,9.83675,II
4.0,24.456971000000003,II
6.0,44.18106,I
0.5,1.770615,III
1.0,7.18223275,III
1.0,5.199425000000001,III
1.0,4.94648,III
1.0,6.970040000000001,III
2.0,7.2300112500000004,II
6.0,45.530100000000004,I
4.0,21.697059999999997,II
3.0,16.673291250000002,II
2.0,21.022540000000003,II
2.0,7.08246,II
2.0,9.098993750000002,II
1.5,10.252704000000001,III
1.0,7.504035000000001,III
0.5,3.2573695000000003,III
2.0,19.6735,II
2.0,2.5083712499999997,II
3.0,12.57558225,II
9.0,61.51622400000001,I
3.0,16.260147749999998,II
2.0,13.4904,II
30.0,261.3765,I
22.0,158.51922625000003,I
15.0,68.29515,I
5.0,41.314350000000005,I
25.0,167.22475,I
4.0,26.6575925,II
4.0,28.105,II
2.5,2.80347375,II
2.0,1.191652,II
4.5,10.4972175,II
2.0,4.103330000000001,II
16.5,68.63241000000001,I
15.0,92.32492500000001,I
3.0,11.888415,II
4.0,15.851220000000001,II
5.0,27.82395,I
14.5,68.137762,I
4.0,20.123179999999998,II
1.0,4.83406,III
2.0,8.330322,II
2.0,15.851220000000001,II
1.0,5.424264999999999,III
1.5,4.848112500000001,III
0.5,1.7003525000000002,III
18.0,107.1727965,I
15.0,89.26850625,I
2.0,20.460440000000002,II
4.0,39.23458,II
3.0,7.451338125,II
3.0,8.515815,II
6.5,35.07504,I
4.0,21.58464,II
3.0,14.164919999999999,II
2.0,8.8109175,II
4.0,17.987199999999998,II
3.0,10.697465625,II
4.0,17.087840000000003,II
4.0,18.970875,II
60.0,323.7696,I
60.0,323.7696,I
10.0,53.9616,I
12.0,51.26352,I
30.0,128.1588,I
4.5,22.354014375000002,II
2.0,9.9351175,II
2.0,10.79232,II
6.0,28.329839999999997,I
10.0,42.71960000000001,I
16.0,86.33856,I
8.0,43.16928,I
16.0,86.33856,I
10.0,42.71960000000001,I
12.0,51.26352,I
8.0,39.74047,I
5.0,28.38605,I
10.0,56.7721,I
6.0,30.758112000000004,I
22.0,103.87607999999999,I
2.5,13.4904,II
5.0,28.38605,I
6.0,30.758112000000004,I
0.5,2.69808,III
0.5,2.838605,III
20.0,74.75930000000001,I
4.0,14.95186,II
1.0,3.3726,III
60.0,224.2779,I
2.0,11.35442,II
15.0,60.87543,I
11.0,46.99156000000001,I
6.0,32.37696,I
5.0,26.9808,I
7.5,42.579075,I
3.0,14.90267625,II
2.0,10.786699,II
0.5,2.69667475,III
5.0,26.9808,I
6.0,34.06326,I
3.0,17.03163,II
3.0,16.1800485,II
90.0,384.4764,I
20.0,85.43920000000001,I
15.0,74.51338125,I
7.0,34.77291125,I
3.5,19.870235,II
2.0,9.9351175,II
6.0,29.8053525,I
4.0,19.870235,II
15.0,80.9424,I
4.0,21.58464,II
2.0,11.35442,II
5.0,26.9808,I
4.0,18.88656,II
15.0,80.9424,I
1.95,9.207198,III
0.5,2.838605,III
0.5,2.69808,III
0.5,2.69808,III
0.5,1.774128125,III
0.5,2.69808,III
5.5,22.568315000000002,I
30.0,120.57045,I
18.0,124.95483,I
5.0,17.846675,I
20.0,94.43280000000001,I
5.0,15.317225,I
10.0,25.013450000000002,I
0.5,2.5575550000000002,III
3.0,13.82766,II
2.0,2.8105,II
5.0,10.539375,I
12.0,48.9027,I
10.0,38.2228,I
5.0,10.679900000000002,I
3.0,6.40794,II
6.0,23.10231,I
2.0,4.665430000000001,II
3.0,8.009925,II
1.5,3.625545,III
20.0,190.55190000000002,I
15.0,77.148225,I
2.5,19.532975000000004,II
2.5,12.787775000000002,II
3.0,18.127725,II
2.5,10.469112500000001,II
2.5,0.0,II
10.0,32.0397,I
10.0,0.0,I
2.0,3.26018,II
2.5,4.77785,II
6.0,20.910120000000003,I
10.0,41.0333,I
4.5,12.2678325,II
2.75,11.902467499999998,II
2.0,0.0,II
2.0,6.970040000000001,II
3.0,6.829515,II
8.0,46.76672,I
4.0,15.62638,II
2.5,10.750162500000002,II
2.0,7.19488,II
10.0,51.15110000000001,I
4.0,20.572860000000002,II
12.0,60.36954,I
1.25,22.09755625,III
2.5,13.630925,II
1.5,6.9559875,III
2.0,10.79232,II
2.0,5.452369999999999,II
2.0,5.56479,II
2.0,3.7660699999999996,II
1.0,1.91114,III
1.5,3.4990725000000005,III
2.0,4.77785,II
5.0,14.474074999999997,I
1.5,5.6069475,III
2.0,19.954550000000005,II
3.0,14.755125,II
0.24,0.404712,III
2.0,6.23931,II
0.5,0.9696225,III
1.0,2.0516650000000003,III
5.0,16.862999999999996,I
5.0,16.862999999999996,I
5.0,17.284574999999997,I
1.0,3.20397,III
3.0,30.690660000000005,II
1.0,2.445135,III
1.5,15.345330000000002,III
2.5,8.9233375,II
3.0,8.76876,II
2.5,8.9233375,II
3.0,14.50218,II
3.0,14.50218,II
5.5,25.35071,I
10.0,73.91615,I
3.0,11.972729999999999,II
2.0,9.106020000000001,II
2.0,12.197569999999999,II
4.0,24.619979999999998,II
2.0,9.89296,II
2.5,12.7175125,II
8.0,42.71960000000001,I
2.5,11.031212500000002,II
3.0,13.574715000000003,II
2.5,10.8906875,II
2.0,10.79232,II
6.0,21.75327,I
2.0,4.77785,II
4.0,16.413320000000002,II
2.0,6.63278,II
2.5,5.0589,II
8.0,36.87376,I
2.0,7.3073,II
4.0,17.76236,II
1.0,3.09155,III
4.0,17.087840000000003,II
2.5,10.6096375,II
1.5,5.6069475,III
8.0,37.77312,I
4.0,21.58464,II
3.0,13.32177,II
2.5,11.242,II
4.0,18.88656,II
4.0,10.455060000000001,II
2.0,4.15954,II
1.0,1.264725,III
2.0,1.6244690000000006,II
0.3,0.8178555000000001,III
2.0,6.295520000000001,II
5.0,12.506725000000001,I
2.0,5.789630000000001,II
1.0,3.8503850000000006,III
3.0,14.16492,II
2.0,5.227530000000001,II
2.0,5.56479,II
0.75,1.5598275,III
4.0,8.31908,II
8.0,11.46684,I
40.0,75.742975,I
5.0,17.75533375,I
5.0,31.37220625,I
10.0,27.26185,I
2.5,10.2671078125,II
2.5,10.205628125000002,II
1.25,8.6440440625,III
5.0,7.47593,I
1.5,4.500313125,III
1.0,0.0,III
1.0,1.4755125000000002,III
1.5,0.6455367187500001,III
4.0,17.301438,II
2.0,3.1969437499999995,II
1.0,2.9510250000000005,III
1.0,1.96735,III
12.0,43.50654,I
1.0,4.96755875,III
5.0,16.01985,I
30.0,132.796125,I
20.0,130.828775,I
6.0,40.4712,I
10.0,50.026900000000005,I
4.5,20.140745624999997,II
10.0,57.54498749999999,I
2.5,7.8079203124999985,II
10.0,46.092200000000005,I
2.5,6.086489062500001,II
2.0,8.705523750000001,II
2.0,5.789630000000001,II
3.0,10.47613875,II
0.8,1.7284575,III
3.0,24.124629375,II
1.0,2.7788818749999997,III
2.0,5.459396249999999,II
0.5,1.2787775000000001,III
1.0,1.7087839999999996,III
2.5,7.5620015625,II
4.8,22.663872,II
15.0,47.637975000000004,I
4.5,12.615631875,II
4.5,8.89101675,II
2.5,2.828065625,II
2.0,10.306103499999999,II
2.5,6.209448437500001,II
2.5,11.804100000000002,II
7.0,25.305039375,I
2.0,9.9351175,II
2.0,10.786699,II
4.5,22.512105,II
0.25,0.40840078125,III
3.0,10.18103625,II
4.0,15.4436975,II
10.0,17.70615,I
0.5,1.995455,III
10.0,35.131249999999994,I
2.0,5.85286625,II
5.0,18.44390625,I
1.5,3.2830153125,III
4.0,5.126352000000001,II
0.05,0.05621,III
1.0,3.073984375,III
1.0,1.7425100000000002,III
0.5,1.0205628125,III
1.0,2.58987575,III
1.0,2.5821468750000003,III
0.05,0.08150450000000002,III
2.0,6.492254999999999,II
0.4,0.73073,III
3.0,8.410421249999999,II
1.0,2.6699750000000004,III
2.0,5.65613125,II
1.25,2.73584609375,III
4.0,13.2796125,II
0.8,0.4918375,III
2.0,6.295520000000001,II
16.0,58.4584,I
1.75,6.447989625000001,III
1.0,2.90184125,III
5.0,25.435025,I
3.0,5.227530000000001,II
1.0,2.21326875,III
1.5,4.0945471875,III
1.0,1.6722474999999999,III
0.5,0.54102125,III
0.5,0.8484196875,III
2.0,5.951233749999999,II
1.5,4.6794825,III
1.0,2.7261849999999996,III
1.5,3.39367875,III
0.05,0.26980800000000005,III
1.5,2.9879128125,III
0.25,2.7402375,III
15.0,65.344125,I
2.0,10.79232,II
4.0,13.04072,II
2.5,6.885724999999999,II
0.2,0.30212875,III
2.0,3.5412299999999997,II
2.0,5.164293750000001,II
0.4,1.8886559999999994,III
1.0,2.5329631249999998,III
1.5,1.3068825000000002,III
2.0,4.0330675000000005,II
0.1,0.129283,III
4.0,12.787774999999998,II
2.0,9.184714,II
2.0,5.311845,II
1.0,2.828065625,III
1.0,2.9510250000000005,III
0.5,1.5485855,III
1.0,3.2320750000000005,III
1.0,1.40525,III
3.5,17.902885,II
5.0,27.29698125,I
2.0,11.804100000000002,II
50.0,156.15840625,I
8.0,38.89732,I
20.0,42.7898625,I
20.0,93.87070000000001,I
2.0,4.672456250000001,II
3.0,4.647864375,II
1.0,1.2787775000000001,III
1.0,2.680514375,III
1.5,0.5385620624999998,III
6.0,7.672665000000001,I
10.0,33.107690000000005,I
1.0,1.5246962499999999,III
1.5,4.27898625,III
1.5,1.844390625,III
2.0,5.1151100000000005,II
1.0,2.6559225,III
2.0,5.164293750000001,II
2.5,6.516846875,II
1.0,0.614796875,III
1.5,3.7256690625,III
1.0,2.483779375,III
1.0,0.24591875,III
12.0,38.0682225,I
4.0,18.88656,II
8.0,36.39597500000001,I
1.5,2.139493125,III
2.0,2.75429,II
1.0,3.073984375,III
3.0,8.779299374999999,II
1.5,3.2092396874999993,III
1.0,1.2787775000000001,III
2.0,4.08225125,II
4.0,4.918375,II
1.0,1.96735,III
1.0,1.9181662500000003,III
5.0,12.787775000000002,I
1.0,1.6722474999999999,III
0.5,0.2828065625,III
8.0,25.575549999999996,I
1.0,0.0,III
1.5,0.7883452500000002,III
0.75,1.5124003125,III
0.75,0.75620015625,III
9.0,26.337898124999995,I
0.75,1.5387487499999999,III
0.75,0.79308796875,III
1.0,1.208515,III
2.0,9.29572875,II
1.5,5.127405937500001,III
3.0,1.9771867499999998,II
1.0,1.377145,III
1.5,1.9550540625000001,III
2.0,3.1969437499999995,II
8.0,26.53112,I
1.0,1.22959375,III
4.0,5.50858,II
8.0,34.035154999999996,I
1.0,1.5738800000000002,III
0.3,0.6492254999999999,III
0.2,0.4918375,III
2.0,9.44328,II
1.0,2.7788818749999997,III
0.6,1.6083086249999998,III
1.0,1.7460231249999998,III
0.75,1.844390625,III
0.5,0.32461275000000006,III
0.75,1.844390625,III
0.5,0.4918375,III
1.0,0.14509206250000015,III
8.0,35.80577,I
1.0,1.2541856249999999,III
6.0,15.345330000000002,I
8.0,14.6146,I
4.0,4.0330675000000005,II
1.5,2.7296981249999996,III
3.0,4.942966875,II
2.0,2.6559225,II
1.0,0.09098993750000008,III
0.5,0.36150056250000007,III
1.0,0.983675,III
2.0,4.32817,II
1.0,0.42642311250000003,III
1.0,0.983675,III
2.0,3.0985762500000003,II
2.0,2.0165337500000002,II
2.0,5.164293750000001,II
2.0,4.2298025,II
1.0,2.5821468750000003,III
1.0,0.5508580000000001,III
0.75,0.12910734375,III
30.0,308.5929,I
20.0,201.23180000000002,I
20.0,161.8848,I
3.0,17.284574999999997,II
3.0,28.49847,II
0.5,2.4152734375,III
2.5,17.846675,II
5.0,32.46127499999999,I
4.0,15.62638,II
4.0,26.306279999999997,II
2.0,14.38976,II
10.0,205.1665,I
17.0,229.3368,I
16.0,265.715912,I
14.0,103.7777125,I
10.0,116.3547,I
8.0,72.39848,I
6.0,60.538169999999994,I
15.0,279.08265,I
3.0,40.30257,II
3.0,20.825805,II
1.0,8.515815,III
2.0,7.02625,II
10.0,89.65495000000001,I
4.0,36.536500000000004,II
2.0,13.602820000000001,II
2.0,20.612206999999998,II
10.0,68.0141,I
15.0,174.53205000000003,I
3.0,45.816771,II
3.0,49.745850000000004,II
1.0,13.237455000000002,III
7.0,69.05398500000001,I
8.0,60.20091000000001,I
20.0,169.1921,I
5.0,18.619562500000004,I
10.0,65.7657,I
4.0,35.29988,II
7.5,39.838837500000004,I
8.0,60.98785,I
2.5,21.851637500000002,II
3.0,33.473055,II
2.0,26.812170000000002,II
5.0,37.660700000000006,I
4.0,37.098600000000005,II
6.0,39.543735,I
8.0,69.84092499999998,I
8.0,40.156424,I
2.0,8.71255,II
4.0,10.230220000000001,II
7.0,31.502191875,I
4.0,19.56108,II
2.0,10.736109999999998,II
4.0,7.08246,II
8.0,41.145720000000004,I
6.0,25.96902,I
8.0,86.56340000000002,I
12.0,56.7018375,I
4.0,49.4648,II
4.0,25.080902000000005,II
3.0,11.140119375000001,II
4.0,43.73138,II
6.0,41.820240000000005,I
7.5,60.0744375,I
25.0,541.0212499999999,I
12.0,151.09248,I
10.0,61.2689,I
5.0,36.81755,I
4.0,17.087840000000003,II
10.0,94.92463750000002,I
3.0,29.257305000000006,II
2.0,14.6146,II
12.0,74.6609325,I
5.0,41.17382500000001,I
4.0,31.4776,II
4.0,66.32779999999998,II
0.3,3.4822095,III
1.0,10.62369,III
0.3,2.1078749999999995,III
0.08,0.8498952000000001,III
2.0,16.01985,II
0.5,6.042575000000001,III
0.5,5.480475,III
2.0,16.862999999999996,II
1.5,4.637325000000001,III
10.6,168.916671,I
8.0,100.72832000000001,I
12.0,128.83332000000001,I
6.0,43.33791,I
3.0,19.03411125,II
4.0,35.117197499999996,II
6.0,61.971525,I
8.0,73.97236000000001,I
3.5,17.509415,II
10.0,94.43280000000001,I
5.0,44.75721250000001,I
6.0,92.7465,I
5.0,31.758649999999996,I
2.0,19.89834,II
5.0,44.82747500000001,I
3.0,31.53381,II
20.0,114.527875,I
6.0,17.03163,I
2.0,3.09155,II
6.0,14.33355,I
2.0,14.33355,II
4.0,9.5557,II
4.0,21.472219999999997,II
3.0,9.61191,II
8.0,24.507559999999998,I
3.0,9.358965,II
5.0,25.32963125,I
3.0,7.504035000000001,II
4.0,8.223523000000002,II
4.0,18.984927499999998,II
2.0,8.1645025,II
4.0,31.280865000000002,II
4.0,21.345747499999998,II
6.0,49.577220000000004,I
12.0,77.316855,I
3.0,20.572860000000002,II
3.0,17.042169375,II
5.0,27.665859375,I
4.0,25.0837125,II
4.0,36.19924,II
4.0,23.21473,II
5.0,30.07235,I
2.0,7.6586125,II
4.0,35.974399999999996,II
1.0,4.131435,III
4.0,49.352380000000004,II
4.0,49.352380000000004,II
2.0,19.6735,II
8.0,47.019665,I
9.0,53.11845,I
4.0,26.9808,II
4.0,28.32984,II
2.0,37.43586,II
4.0,24.788610000000002,II
2.0,14.0525,II
5.0,28.0347375,I
5.0,31.846478124999994,I
2.5,17.7764125,II
1.0,6.7452,III
1.0,4.637325000000001,III
2.0,14.16492,II
0.8,1.46146,III
6.0,37.625568750000006,I
4.0,16.862999999999996,II
3.0,8.26287,II
4.0,32.714220000000005,II
4.0,25.96902,II
1.0,5.50858,III
1.5,8.8109175,III
15.0,88.10917500000001,I
5.0,31.056024999999995,I
4.0,19.968602500000003,II
5.0,34.8502,I
3.0,28.245524999999994,II
3.0,24.029775,II
3.0,24.95724,II
6.0,34.23189,I
2.0,11.45981375,II
2.0,10.455060000000001,II
4.0,26.08144,II
8.0,68.80104,I
8.0,78.46916,I
2.0,12.281885,II
2.0,18.71793,II
3.0,26.221965,II
4.0,17.509415,II
4.0,25.856600000000004,II
3.0,14.417865000000003,II
6.0,45.69873,I
4.0,21.9359525,II
2.0,18.049031,II
6.0,44.85558,I
4.0,20.123179999999998,II
4.0,23.608200000000004,II
5.0,37.660700000000006,I
3.0,21.331695,II
3.0,22.42779,II
3.0,27.486690000000003,II
5.0,44.968,I
4.0,21.472219999999997,II
2.0,13.2796125,II
2.0,10.328587500000001,II
3.0,20.2356,II
8.0,43.084965000000004,I
2.5,18.549300000000002,II
7.5,33.9367875,I
4.0,16.75058,II
4.0,38.2228,II
5.0,18.075028125000003,I
5.0,29.931825,I
3.0,18.380670000000002,II
3.0,24.95724,II
3.0,9.61191,II
6.0,44.85558,I
4.0,25.4771825,II
4.0,26.19386,II
4.0,49.4648,II
1.5,29.341620000000002,III
4.0,29.90372,II
2.0,24.170300000000005,II
4.0,31.92728,II
6.0,34.40052,I
8.0,61.60616000000001,I
8.0,43.618959999999994,I
4.0,18.99898,II
2.0,13.673082499999998,II
5.0,55.226325,I
6.0,56.65968,I
10.0,75.8835,I
1.5,12.394305000000001,III
1.5,6.04960125,III
1.5,14.0384475,III
3.0,18.127725,II
3.0,22.748186999999998,II
8.0,50.364160000000005,I
4.0,25.2945,II
4.0,23.833040000000004,II
3.0,20.74149,II
3.0,10.065103125000002,II
4.0,22.03432,II
4.0,18.212040000000002,II
2.5,14.484614375,II
4.0,25.2945,II
4.0,25.952156999999996,II
4.0,11.804100000000002,II
6.0,45.530100000000004,I
3.0,27.31806,II
40.0,242.82719999999995,I
10.0,50.87005,I
30.0,200.6697,I
10.0,83.47185,I
3.5,25.673917500000005,II
10.0,96.96225,I
3.0,26.854327499999997,II
2.0,9.21844,II
2.0,13.65903,II
3.0,21.331695,II
3.0,22.42779,II
5.0,42.1575,I
5.0,51.99425,I
1.0,9.274650000000001,III
5.0,28.38605,I
3.0,39.96531,II
8.0,58.4584,I
15.0,84.315,I
2.5,18.970875,II
2.5,15.45775,II
2.5,16.160375,II
2.5,17.565624999999997,II
4.0,31.4776,II
2.5,20.376125,II
20.0,134.3419,I
20.0,163.009,I
1.0,8.431499999999998,III
10.0,53.11845,I
2.0,10.79232,II
3.0,26.9808,II
2.0,13.4904,II
1.5,12.225675,III
1.0,9.5557,III
2.0,16.3009,II
2.0,16.3009,II
2.0,16.3009,II
2.0,9.59083125,II
2.0,16.3009,II
1.0,7.335405000000001,III
15.0,147.972825,I
10.0,78.694,I
3.0,24.45135,II
2.0,17.987199999999998,II
2.0,16.862999999999996,II
3.0,24.45135,II
2.0,13.4904,II
2.0,19.6735,II
4.0,32.6018,II
10.0,65.7657,I
10.0,60.70679999999999,I
2.0,19.6735,II
2.0,14.0525,II
3.0,21.07875,II
3.0,0.0,II
2.0,15.064279999999998,II
5.0,42.1575,I
6.0,48.9027,I
2.5,17.565624999999997,II
3.0,14.90267625,II
15.0,105.39375,I
15.0,105.39375,I
5.0,42.1575,I
2.0,17.4251,II
3.0,4.215749999999999,II
2.0,13.4904,II
3.0,25.2945,II
3.0,21.07875,II
3.0,25.2945,II
5.0,20.288296875,I
5.0,17.460231249999996,I
2.5,24.591875,II
10.0,38.363325,I
15.0,63.07815937499999,I
2.0,11.242,II
5.0,33.72599999999999,I
3.0,24.45135,II
4.0,40.4712,II
5.0,40.75225,I
10.0,0.0,I
2.0,12.928300000000002,II
2.5,21.07875,II
10.0,73.91615,I
7.0,36.002505,I
3.0,22.765050000000002,II
5.0,30.24800625,I
1.0,8.15045,III
1.0,7.3073,III
5.0,37.94175,I
16.0,123.54958,I
8.0,78.694,I
3.0,26.053334999999997,II
2.0,19.6735,II
3.0,13.574715000000003,II
5.0,17.75533375,I
3.0,20.878501874999998,II
5.0,39.206475000000005,I
4.5,23.571312187500002,II
13.0,91.34125,I
6.0,50.589,I
2.0,18.549300000000002,II
2.5,30.9155,II
3.0,37.098600000000005,II
8.0,43.16928,I
2.5,20.376125,II
3.0,21.39493125,II
1.0,8.431499999999998,III
1.0,8.15045,III
2.0,15.176699999999997,II
1.5,12.225675,III
20.0,140.52499999999998,I
2.0,16.3009,II
2.5,20.376125,II
3.0,25.2945,II
3.0,21.07875,II
3.0,21.07875,II
2.5,21.07875,II
3.0,26.13765,II
2.0,19.6735,II
3.0,24.872925000000002,II
2.0,17.987199999999998,II
3.0,21.07875,II
8.0,60.70679999999999,I
10.0,84.315,I
1.0,9.83675,III
2.0,18.549300000000002,II
3.0,25.2945,II
2.0,19.1114,II
2.0,18.94277,II
2.5,14.0525,II
2.0,13.4904,II
1.5,8.431499999999998,III
1.5,10.539375,III
1.25,9.4854375,III
1.5,11.382525000000001,III
1.0,5.0589,III
2.0,13.4904,II
2.5,13.349875,II
5.0,35.131249999999994,I
5.0,31.056024999999995,I
7.0,49.18375,I
2.5,20.376125,II
2.5,23.88925,II
2.5,20.376125,II
3.0,24.45135,II
4.0,27.093220000000002,II
3.0,20.2356,II
3.0,20.2356,II
3.0,29.51025,II
10.0,79.67767500000001,I
7.5,26.7436640625,I
2.5,16.862999999999996,II
2.0,13.771449999999998,II
2.0,21.9219,II
2.0,19.6735,II
2.0,11.242,II
2.0,15.176699999999997,II
2.0,17.4251,II
3.0,18.549300000000002,II
2.0,12.928300000000002,II
3.0,20.21452125,II
10.0,25.575550000000003,I
2.0,8.5579725,II
1.5,8.8109175,III
18.0,67.28336999999999,I
14.0,43.03578125,I
20.0,79.565255,I
30.0,133.2177,I
12.0,57.3342,I
16.0,67.45199999999998,I
10.0,37.098600000000005,I
4.0,6.40794,II
17.0,53.034135,I
3.0,7.9677675,II
4.0,21.58464,II
4.0,20.505408000000003,II
7.0,37.77312,I
7.0,37.77312,I
12.0,64.75392,I
5.0,35.552825,I
2.0,15.806251999999999,II
1.0,3.513125,III
3.0,9.371612250000002,II
2.5,6.3324078125,II
4.0,21.573398,II
2.0,9.49949,II
2.0,5.50858,II
2.0,5.36102875,II
4.0,5.0589,II
1.2,2.0994435,III
0.3,0.15699453,III
2.0,0.9246544999999996,II
2.0,2.164085,II
10.0,26.87540625,I
1.0,2.6418699999999995,III
0.8,1.3456674000000002,III
1.0,3.07047125,III
1.0,2.0558807500000005,III
1.5,4.805955,III
1.0,2.2961785,III
1.0,3.175865,III
2.0,7.64456,II
2.0,6.23931,II
1.0,2.58987575,III
4.5,41.98887,II
1.0,2.9369725000000004,III
10.0,48.05955,I
10.0,39.62805,I
10.0,42.298025,I
1.2,6.5681385,III
8.0,25.575549999999996,I
8.0,20.657175000000002,I
2.0,2.8105,II
3.0,5.311845,II
2.0,5.410212500000001,II
2.5,7.0701640625,II
1.0,1.7621835000000003,III
5.0,23.608200000000004,I
4.0,21.58464,II
5.5,29.67888,I
10.0,47.21640000000001,I
10.0,53.9616,I
5.0,23.608200000000004,I
5.0,23.608200000000004,I
2.0,6.7452,II
15.0,80.9424,I
5.0,23.608200000000004,I
1.0,5.39616,III
1.0,4.72164,III
2.0,9.44328,II
0.5,1.6863,III
2.0,9.44328,II
2.0,9.44328,II
4.0,20.505408000000003,II
2.0,10.79232,II
2.0,9.44328,II
10.0,47.21640000000001,I
4.0,21.58464,II
4.0,21.58464,II
2.0,10.252704000000001,II
2.0,10.79232,II
3.0,14.164919999999999,II
1.5,8.09424,III
1.0,3.3726,III
1.5,7.082459999999999,III
1.0,3.3726,III
3.0,16.18848,II
10.0,47.21640000000001,I
1.5,7.082459999999999,III
5.0,23.608200000000004,I
2.0,6.7452,II
2.0,9.44328,II
3.0,14.164919999999999,II
2.0,9.44328,II
2.5,8.431499999999998,II
3.0,14.164919999999999,II
2.0,9.44328,II
10.0,47.21640000000001,I
4.0,18.88656,II
3.0,16.18848,II
2.0,9.44328,II
2.0,10.79232,II
2.0,9.44328,II
2.0,9.44328,II
12.0,56.659679999999994,I
4.5,24.282719999999998,II
3.0,14.164919999999999,II
2.0,6.7452,II
2.5,8.431499999999998,II
1.0,3.3726,III
1.0,3.3726,III
1.0,3.3726,III
1.0,3.3726,III
1.0,5.39616,III
10.0,53.9616,I
10.0,53.9616,I
3.0,14.164919999999999,II
2.0,9.44328,II
1.0,5.39616,III
2.0,9.44328,II
1.0,5.39616,III
2.0,9.44328,II
1.0,3.3726,III
1.0,5.39616,III
1.0,5.39616,III
5.0,23.608200000000004,I
2.5,11.804100000000002,II
5.0,23.608200000000004,I
2.5,11.804100000000002,II
2.0,10.79232,II
3.0,14.164919999999999,II
2.0,10.79232,II
4.0,20.505408000000003,II
3.0,15.379056000000002,II
1.0,5.126352000000001,III
2.0,6.7452,II
2.0,9.44328,II
1.0,5.39616,III
1.0,4.72164,III
2.0,9.44328,II
2.5,8.431499999999998,II
22.0,87.80001999999999,I
22.0,83.410019,I
20.0,79.81820000000002,I
56.0,239.22976,I
33.0,214.244415,I
22.0,87.80001999999999,I
20.0,42.1575,I
30.0,96.96225,I
20.0,46.092200000000005,I
20.0,22.484,I
5.0,15.45775,I
3.0,13.153139999999999,II
15.0,45.530100000000004,I
10.0,19.1816625,I
5.0,5.729906874999998,I
2.0,9.29572875,II
1.0,0.0,III
1.1,0.008115318749999923,III
1.6,5.306224,III
1.0,12.271345625,III
2.0,4.215749999999999,II
4.9,0.0,II
10.0,30.9155,I
9.9,32.554021500000005,I
20.0,113.5442,I
4.9,20.106317,II
2.5,0.7237037499999999,II
0.13,0.36079793750000005,III
7.5,47.258557499999995,I
5.5,41.851858125,I
10.0,69.68634750000001,I
3.0,6.91383,II
5.0,17.3548375,I
0.5,0.0368878125,III
4.0,9.505111,II
2.0,5.233150999999999,II
3.0,2.5071065249999993,II
20.0,37.379650000000005,I
4.0,17.621835,II
4.0,7.8694,II
10.0,23.32715,I
0.6,5.640673499999999,III
2.0,0.0,II
2.0,1.7425100000000002,II
4.0,6.845815900000002,II
10.0,34.709675,I
2.5,9.9070125,II
10.0,22.20295,I
10.0,55.36685,I
2.0,4.72164,II
0.3,0.12910734375,III
30.0,344.84835000000004,I
35.0,380.43630625,I
6.0,16.340247,I
73.6,519.2005280000001,I
8.0,42.045080000000006,I
8.0,60.03228000000001,I
10.0,46.7245625,I
20.0,41.0333,I
4.0,26.86838,II
20.0,173.548375,I
20.0,14.853492499999998,I
3.0,43.15874062500001,II
12.0,57.67146000000001,I
20.0,74.75930000000001,I
15.0,61.128375,I
40.0,60.42575,I
15.0,80.9424,I
15.0,120.148875,I
24.0,196.95983999999999,I
5.0,21.869203125,I
12.5,40.75225,I
15.0,35.83387499999999,I
3.0,3.9729228,II
5.0,22.062425000000005,I
5.0,17.987199999999998,I
10.0,24.7324,I
4.0,4.0370022,II
4.0,5.980744000000001,II
20.0,80.3803,I
25.0,139.11974999999998,I
10.0,58.73945,I
3.0,13.058285624999998,II
5.0,18.075028125000003,I
5.0,11.804100000000002,I
1.8,9.900267300000001,III
3.0,14.17756725,II
5.0,17.8888325,I
8.0,38.44764,I
5.5,29.988035000000004,I
3.0,16.18848,II
3.0,11.551155,II
5.0,14.551363750000002,I
4.0,9.89296,II
3.5,14.39116525,II
3.5,16.52574,II
4.0,14.755125,II
0.1,0.2265965625,III
1.5,2.5231263750000004,III
11.0,0.0,I
3.25,0.0,II
2.5,5.533171875,II
1.25,6.7452,III
1.0,1.4951860000000003,III
3.5,2.6436265625,II
2.0,3.0353399999999997,II
0.25,0.31618125,III
1.5,2.287044375,III
1.0,0.467245625,III
1.5,1.321637625,III
1.5,2.6928103125000002,III
10.0,9.358965,I
10.0,19.1114,I
2.9,3.243879100000001,II
10.0,15.752852500000003,I
10.0,51.26352,I
10.0,28.105,I
5.0,13.616872500000001,I
2.5,3.513125,II
16.0,43.57399200000001,I
2.1,2.0775216000000003,II
2.0,3.59744,II
5.0,12.3662,I
5.0,9.098993750000002,I
2.0,12.175086,II
1.0,5.39616,III
1.3,1.59664505,III
1.0,2.80347375,III
1.0,2.52945,III
5.0,13.483373749999998,I
2.5,1.4755125000000002,II
5.0,6.042575000000001,I
4.0,5.0589,II
1.0,1.152305,III
4.0,5.0589,II
1.0,2.11490125,III
1.0,0.8090726875000002,III
5.0,8.290974999999998,I
10.0,16.820842499999998,I
1.5,9.531810749999998,III
4.0,4.94648,II
2.0,1.53256565,II
2.0,2.19219,II
0.5,1.450920625,III
2.0,10.79232,II
3.0,16.18848,II
2.0,10.79232,II
11.0,50.515927000000005,I
1.5,6.566030625,III
4.9,14.521994025000001,II
6.0,21.75327,I
6.0,18.549300000000002,I
8.0,43.16928,I
6.0,15.935535,I
10.0,34.92046249999999,I
3.0,10.79232,II
3.0,11.551155,II
1.0,3.49766725,III
2.0,10.252704000000001,II
0.5,0.6762765625000001,III
1.0,1.9223820000000003,III
5.0,15.88635125,I
5.0,8.276922500000001,I
0.1,0.1377145,III
0.4,1.090474,III
0.5,1.433355,III
0.2,0.275429,III
0.5,2.2624525,III
0.3,0.8684445,III
20.0,81.1531875,I
4.0,10.1178,II
0.5,0.509403125,III
4.0,16.132270000000002,II
8.0,29.706984999999996,I
0.25,0.6393887500000001,III
0.5,0.9959709375,III
10.1,43.714517,I
4.0,8.9514425,II
0.5,0.9713790625,III
8.0,20.460440000000002,I
0.4,2.1359800000000004,III
0.4,1.8689825,III
0.2,0.7869400000000001,III
0.2,0.6674937500000001,III
0.2,1.0679900000000002,III
5.0,9.59083125,I
0.5,3.20397,III
0.5,3.20397,III
0.5,3.3726,III
0.1,0.28104999999999997,III
8.0,29.476523999999998,I
0.8,4.316928000000001,III
0.8,1.7762360000000001,III
0.15,0.31618125,III
0.3,0.8853075,III
1.0,1.0483165,III
0.3,0.5480475,III
0.3,0.33726,III
0.3,1.8022331250000003,III
0.3,0.5480475,III
2.0,5.459396249999999,II
0.3,1.18041,III
9.5,37.1126525,I
2.0,6.0341435,II
3.0,9.812158125,II
5.0,12.172978125000002,I
5.0,17.14405,I
5.0,14.2632875,I
6.0,14.460022500000001,I
5.0,6.393887499999999,I
2.0,8.016951250000002,II
8.0,20.291809999999998,I
2.0,2.6699750000000004,II
3.0,8.178555000000001,II
5.0,8.60715625,I
1.5,2.3128658437499996,III
2.0,2.8105,II
1.5,2.3989725375000006,III
1.0,5.452369999999999,III
8.0,22.484,I
10.0,47.7785,I
20.0,84.315,I
3.0,10.4129025,II
3.0,10.01240625,II
2.0,8.65634,II
3.0,10.455060000000001,II
4.0,12.602281999999999,II
4.0,16.033902500000003,II
2.0,6.5681385,II
3.0,9.074401875,II
2.0,6.087543,II
2.0,2.63484375,II
1.0,6.7452,III
6.0,26.9808,I
7.0,25.96902,I
1.0,3.68878125,III
2.0,1.6863,II
1.0,0.3400705,III
3.0,10.47613875,II
2.0,9.44328,II
4.0,2.2483999999999997,II
1.0,2.388925,III
3.0,11.133795749999999,II
3.0,11.133795749999999,II
1.0,3.794174999999999,III
2.0,7.208932500000001,II
1.0,3.0493924999999997,III
2.0,5.016742499999999,II
3.0,9.664606875,II
1.0,1.62306375,III
1.0,2.8526575000000003,III
0.5,1.3209349999999997,III
0.5,0.0,III
4.0,16.660644,II
2.0,8.330322,II
2.0,6.781736499999999,II
3.0,12.98451,II
2.0,6.6889899999999995,II
0.15,0.5986365,III
5.0,3.457617625000001,I
5.0,0.0,I
2.0,3.428810000000001,II
2.0,3.26018,II
1.0,0.983675,III
2.0,2.8526575000000003,II
1.0,1.91114,III
5.0,10.01240625,I
2.0,2.1247380000000002,II
5.0,2.1078749999999995,I
4.0,0.0,II
5.0,0.0,I
8.0,20.910120000000003,I
1.5,8.09424,III
5.0,9.682172500000002,I
8.0,25.856600000000004,I
3.0,6.85059375,II
1.5,8.515815,III
1.0,5.39616,III
5.0,26.9808,I
1.5,8.09424,III
1.0,5.39616,III
2.0,10.79232,II
4.0,21.58464,II
1.0,5.39616,III
4.0,8.5579725,II
4.0,8.3612375,II
2.0,2.6559225,II
4.0,10.679900000000002,II
1.0,0.0,III
3.0,0.0,II
1.0,0.3172351875000002,III
1.0,0.37133731249999985,III
2.0,2.75429,II
2.0,10.79232,II
1.5,0.0,III
1.0,0.1742510000000001,III
2.0,1.9476764999999996,II
3.0,3.9628050000000004,II
6.0,10.455060000000001,I
1.0,0.07307300000000004,III
1.0,0.01967350000000008,III
1.0,0.0,III
5.0,10.258325,I
20.0,32.6018,I
2.0,3.6395975,II
4.0,13.563472999999998,II
5.0,12.418896875000002,I
10.0,26.9808,I
8.0,24.507559999999998,I
15.0,44.054587500000004,I
3.0,10.18103625,II
4.0,2.7093219999999993,II
5.0,14.417865000000003,I
5.0,18.268250000000002,I
5.0,16.722475,I
5.0,8.572025,I
12.0,17.53752,I
10.0,29.102727500000004,I
10.0,26.9808,I
1.0,1.7087839999999996,III
3.0,6.5681385,II
1.5,3.4674543749999995,III
4.0,24.95724,II
12.0,44.214786,I
3.0,15.779552250000002,II
5.0,11.382525000000001,I
2.49,2.4000138277499996,II
10.0,47.7785,I
4.0,5.84584,II
12.0,17.53752,I
4.0,2.7093219999999993,II
4.0,16.91921,II
6.0,18.262628999999997,I
2.6,7.3073,II
4.0,2.7660941000000006,II
4.0,11.579260000000001,II
7.0,22.42779,I
6.0,20.066969999999998,I
6.0,10.893498000000003,I
40.0,40.583619999999996,I
10.0,24.591875,I
10.0,30.73984375,I
20.0,32.6018,I
10.0,37.379650000000005,I
10.0,28.948149999999995,I
2.0,6.014469999999999,II
1.0,3.3444949999999998,III
5.0,16.01985,I
2.0,5.980744000000001,II
5.0,8.976034375,I
3.0,9.074401875,II
1.0,2.2483999999999997,III
1.0,3.1477600000000003,III
2.0,6.070679999999999,II
2.0,10.79232,II
10.0,38.180642500000005,I
3.0,8.431499999999998,II
3.0,9.29572875,II
3.0,14.164919999999999,II
4.0,9.7383825,II
7.0,35.884464,I
7.0,24.198405,I
4.0,22.70884,II
4.0,12.47862,II
1.0,3.456915,III
4.0,12.388684,II
4.0,11.01716,II
1.0,2.3362281250000003,III
10.0,35.131249999999994,I
6.0,0.0,I
6.0,12.984509999999998,I
2.0,3.87849,II
2.0,9.21844,II
1.0,4.60922,III
1.0,4.72164,III
2.0,5.164293750000001,II
2.0,5.8036825,II
0.4,1.07220575,III
0.3,0.4468695,III
0.2,0.432817,III
0.3,0.5459396249999999,III
6.0,10.1178,I
7.5,16.441425,I
26.0,65.7657,I
12.0,68.80104,I
10.0,18.830350000000003,I
10.0,41.595400000000005,I
20.0,126.55681499999999,I
3.0,10.79232,II
5.0,40.61172500000001,I
4.9,27.818329000000002,II
3.0,6.123376875,II
3.0,5.754498750000001,II
1.5,2.371359375,III
0.3,0.9485437499999998,III
2.0,2.0657175,II
3.0,3.2461274999999996,II
4.0,11.242,II
6.0,8.060514,I
3.0,5.817735000000001,II
1.33,1.169983045,III
2.0,3.1477600000000003,II
1.0,5.39616,III
2.0,1.91114,II
1.0,1.039885,III
1.0,5.39616,III
10.0,31.4776,I
25.0,76.586125,I
12.5,40.049625,I
10.0,22.484,I
2.5,9.098993750000002,II
2.0,4.18061875,II
3.0,3.172351875,II
2.0,2.21326875,II
1.0,1.7706149999999998,III
1.0,3.4175679999999993,III
1.5,2.9931824999999996,III
10.0,14.2632875,I
1.5,1.844390625,III
5.0,7.3775625,I
1.5,2.5631760000000003,III
1.5,1.9550540625000001,III
0.75,1.321637625,III
1.0,2.838605,III
0.5,0.29369724999999997,III
30.0,196.45395,I
1.5,5.986364999999999,III
20.0,78.694,I
2.5,1.8566865624999997,II
8.0,26.278175,I
1.0,2.69808,III
1.5,3.6518934374999996,III
1.5,2.265965625,III
1.0,1.5738800000000002,III
2.0,1.3265559999999998,II
1.5,7.5461925,III
1.5,1.433355,III
1.5,3.54123,III
0.5,0.29141371875,III
1.5,0.6608188125,III
2.5,1.3587010937499995,II
3.0,4.57408875,II
0.7,1.8566865624999997,III
2.5,2.6633000625000003,II
1.4,0.5831225399999999,III
3.0,2.779443975000001,II
1.5,2.0657175,III
1.0,1.303369375,III
1.5,1.5861759375,III
1.5,0.7967767499999998,III
1.0,0.4581115,III
3.0,2.0404230000000005,II
0.7,0.6713581875,III
40.0,266.4354,I
80.0,582.3356000000001,I
3.0,9.959709375000001,II
1.1,5.193803999999999,III
5.0,17.8888325,I
4.0,21.039403,II
2.0,9.83675,II
3.5,15.232207375000003,II
2.0,10.145904999999999,II
2.0,11.607365,II
0.75,7.1288332500000005,III
5.0,31.9694375,I
5.0,47.339359375,I
3.0,18.075028125000003,II
2.0,11.558181250000002,II
5.0,33.9086825,I
1.0,4.5530100000000004,III
8.0,61.302626000000004,I
1.0,7.303786874999999,III
2.0,14.0525,II
1.0,5.533171875,III
1.0,2.1359800000000004,III
3.0,10.43398125,II
3.0,19.14372075,II
2.0,7.0965125,II
1.9,10.9575774,III
2.0,8.971116,II
1.0,1.1860310000000003,III
5.0,21.9219,I
2.0,6.1409425,II
0.75,3.5243670000000007,III
2.0,8.437121,II
0.6,1.6340247,III
1.0,3.5777665,III
0.75,2.0657175,III
1.0,1.7214312499999997,III
2.0,0.0,II
2.0,9.932307,II
6.0,30.277516499999997,I
6.0,37.0058535,I
1.0,2.5097765,III
2.0,6.40794,II
4.0,9.0638625,II
1.0,2.230834375,III
1.5,8.009925,III
0.5,1.4491640625,III
2.5,13.283125625,II
1.0,3.3444949999999998,III
4.0,17.194639,II
5.0,30.24800625,I
4.0,15.592653999999998,II
4.0,15.058659,II
8.0,40.583619999999996,I
8.0,40.156424,I
25.0,110.312125,I
0.6,1.5492881250000001,III
0.5,1.5984718749999998,III
0.7,2.237860625,III
2.5,8.410421249999999,II
2.5,8.410421249999999,II
5.0,24.45135,I
1.5,7.335405000000001,III
1.8,9.207198,III
1.0,2.1359800000000004,III
1.0,5.0589,III
1.5,9.664606875,III
3.0,12.6556815,II
3.0,6.23931,II
15.0,105.815325,I
3.0,5.0589,II
0.8,3.327632,III
1.5,6.1549949999999995,III
0.6,3.0985762500000003,III
0.6,2.0657175,III
0.5,3.2215356249999996,III
0.5,2.11490125,III
0.6,2.936269875,III
0.5,1.4895650000000002,III
0.5,2.5083712499999997,III
1.5,7.746440625,III
2.0,10.00538,II
3.0,17.115945,II
5.0,23.88925,I
1.0,2.3186625000000003,III
0.6,3.2208330000000003,III
0.6,2.343957,III
0.4,1.141063,III
0.4,1.6820842499999995,III
5.0,31.618125,I
0.6,3.692997,III
0.5,2.2343474999999997,III
0.4,1.7706149999999998,III
0.4,2.02356,III
0.8,4.069604,III
0.6,3.743586000000001,III
0.8,1.455839,III
0.2,0.455301,III
0.7,4.0797920625,III
0.7,3.64943425,III
0.5,3.2440196249999995,III
3.0,12.900195,II
2.0,10.17401,II
1.0,5.877458125,III
0.35,1.455839,III
0.4,1.6820842499999995,III
0.4,1.731268,III
0.7,2.27228925,III
0.4,1.551396,III
0.5,0.8238278124999999,III
0.3,0.45003131249999995,III
8.0,34.147575,I
0.7,4.372435374999999,III
0.7,4.372435374999999,III
1.0,5.041334375,III
1.0,5.090518125,III
1.7,9.890149500000001,III
1.2,8.6760135,III
0.4,4.072414499999999,III
0.3,3.4748319375,III
1.0,5.238069375,III
0.5,3.1899175,III
5.0,22.961785,I
3.0,15.345330000000002,II
0.5,2.7419940625,III
0.5,2.0657175,III
0.5,2.2993403124999996,III
1.0,2.0825805,III
0.3,0.8800378124999999,III
0.6,2.3755751249999997,III
0.3,1.028643,III
0.4,2.3313097499999995,III
0.3,0.9369504374999998,III
0.8,4.182024,III
0.6,3.7604490000000013,III
0.4,1.7509414999999997,III
0.3,1.1213895,III
0.4,1.34904,III
0.3,1.224675375,III
6.0,31.19655,I
0.9,6.222447,III
0.6,1.062369,III
0.5,2.1219275,III
1.0,4.637325000000001,III
0.6,2.5378814999999997,III
0.6,2.6706776249999997,III
0.5,2.3116362500000003,III
0.6,2.984751,III
0.5,1.844390625,III
0.7,3.201862125,III
0.7,2.4616466875,III
0.6,2.80347375,III
12.0,154.63371,I
10.0,46.6543,I
21.0,137.37021375,I
6.0,29.847509999999996,I
18.5,165.8616575,I
13.0,108.87876999999999,I
30.0,177.0615,I
5.0,11.747890000000002,I
1.0,3.3641685000000003,III
2.0,7.636128500000001,II
1.2,4.485558,III
1.0,5.2134775,III
1.0,2.75007425,III
1.0,3.310769,III
0.5,1.5752852499999999,III
1.5,5.828274375,III
4.0,16.91921,II
4.0,16.722475,II
1.5,6.808436250000001,III
1.5,4.40545875,III
1.0,4.187645,III
2.5,10.697465625,II
0.75,1.3616872500000003,III
1.0,3.9782627500000003,III
0.5,2.443027125,III
0.4,1.0252704000000001,III
1.0,5.660347,III
1.5,6.848485875,III
0.75,0.4185185812500001,III
1.0,2.69808,III
4.0,9.21844,II
2.0,0.0,II
2.0,10.092505500000001,II
2.5,5.65613125,II
1.0,4.3253595,III
8.0,58.683240000000005,I
3.0,22.93368,II
2.0,6.1409425,II
1.5,6.40794,III
3.0,24.029775,II
8.0,58.683240000000005,I
3.0,22.93368,II
1.5,10.693249875,III
1.0,2.8526575000000003,III
1.0,4.057659374999999,III
1.0,5.767146,III
1.0,0.0,III
1.0,12.68238125,III
0.5,2.9510250000000005,III
0.5,2.8168236249999996,III
1.0,3.5243670000000007,III
1.0,5.927344500000001,III
10.0,69.41935,I
0.8,4.1010816000000005,III
1.5,8.09002425,III
1.0,5.126352000000001,III
1.0,5.126352000000001,III
0.8,4.1010816000000005,III
0.5,0.8810917500000002,III
2.5,15.598275,II
5.0,35.5106675,I
1.0,1.500104375,III
1.0,5.126352000000001,III
0.5,2.5631760000000003,III
0.5,0.7254603125,III
1.3,7.015008000000002,III
2.0,3.8447640000000005,II
1.5,4.40545875,III
2.0,10.252704000000001,II
2.5,5.65613125,II
0.5,0.8810917500000002,III
1.0,2.5097765,III
1.0,4.72164,III
2.5,12.81588,II
1.0,5.126352000000001,III
1.2,4.485558,III
1.5,7.689528000000001,III
1.0,5.126352000000001,III
1.0,3.2306697499999997,III
2.5,12.81588,II
2.5,11.804100000000002,II
1.5,7.082459999999999,III
0.6,3.0758112,III
0.5,2.5631760000000003,III
1.0,5.660347,III
0.75,3.3040940625000004,III
2.5,10.697465625,II
5.0,25.63176,I
0.9,4.856544,III
15.0,196.98091875,I
37.5,345.6915,I
20.0,232.7094,I
10.0,42.71960000000001,I
4.0,18.09962,II
8.5,36.311659999999996,I
4.25,15.88635125,II
10.0,53.9616,I
3.0,29.51025,II
3.0,16.18848,II
2.25,30.9857625,II
1.5,7.082459999999999,III
0.5,2.36082,III
0.5,2.36082,III
0.5,2.36082,III
8.5,30.160178125,I
1.8,28.3551345,III
1.5,8.5579725,III
1.0,13.546610000000001,III
1.5,9.7721085,III
3.0,15.935535,II
1.5,20.319915,III
6.0,36.8878125,I
2.0,17.4251,II
2.0,35.974399999999996,II
1.0,5.39616,III
1.0,5.146728125000001,III
1.5,22.0483725,III
1.5,10.18103625,III
4.0,4.8200075,II
10.0,139.92776875,I
40.0,601.447,I
8.0,59.5826,I
4.0,21.58464,II
0.75,9.190335000000001,III
2.3,12.863658500000001,II
3.0,37.098600000000005,II
1.5,18.9234478125,III
10.0,86.28235,I
10.0,97.52435,I
0.3,0.0,III
2.3,12.411168,II
10.0,74.02154375,I
1.2,18.212040000000002,III
2.8,40.370022000000006,II
5.5,37.8714875,I
0.37,1.7678045000000002,III
0.5,3.3726,III
1.6,6.835136,III
1.2,5.126352000000001,III
1.0,10.978515625,III
10.0,179.5206875,I
