ch4_m3d,ccdf_P_X_gt_x
0.22233749999999788,0.9997943233237351
0.5390000000000023,0.9993829699712052
1.010625,0.9989716166186754
1.54,0.9985602632661457
2.002000000000001,0.9981489099136158
2.2330000000000005,0.997737556561086
2.492875000000002,0.9973262032085561
3.5371875,0.9969148498560263
3.5371875,0.9965034965034965
3.5420000000000007,0.9960921431509667
3.773,0.9956807897984369
3.9751250000000042,0.995269436445907
4.30122,0.9948580830933772
4.774000000000003,0.9944467297408474
4.952062500000003,0.9940353763883175
6.208125,0.9936240230357878
6.7375,0.9932126696832579
7.392000000000001,0.9928013163307281
7.546,0.9923899629781983
7.699999999999999,0.9919786096256684
7.748125000000001,0.9915672562731386
7.9839375,0.9911559029206088
8.0465,0.990744549568079
8.2775,0.9903331962155492
8.662500000000001,0.9899218428630193
8.662500000000001,0.9895104895104895
8.691375000000004,0.9890991361579596
8.893500000000001,0.9886877828054299
9.24,0.9882764294529001
9.317,0.9878650761003702
9.548000000000002,0.9874537227478404
9.884875000000001,0.9870423693953105
9.904125000000002,0.9866310160427807
10.173624999999996,0.986219662690251
10.780000000000001,0.9858083093377211
11.088000000000001,0.9853969559851913
11.1890625,0.9849856026326614
11.466262500000003,0.9845742492801316
11.549999999999999,0.9841628959276019
11.682825000000001,0.983751542575072
11.858,0.9833401892225422
12.243,0.9829288358700123
12.329624999999998,0.9825174825174825
12.474,0.9821061291649527
12.550999999999998,0.9816947758124228
12.618375,0.9812834224598931
12.80125,0.9808720691073632
13.167000000000002,0.9804607157548334
13.475,0.9800493624023036
13.475,0.9796380090497737
13.475,0.979226655697244
13.956249999999999,0.9788153023447141
14.014000000000001,0.9784039489921843
14.755124999999994,0.9779925956396545
14.784000000000002,0.9775812422871246
14.8225,0.9771698889345948
14.83482,0.976758535582065
14.957249999999998,0.9763471822295352
15.015,0.9759358288770054
15.015,0.9755244755244755
15.092000000000002,0.9751131221719457
15.975959999999995,0.9747017688194158
16.401,0.9742904154668861
16.84375,0.9738790621143563
17.517500000000002,0.9734677087618264
17.6859375,0.9730563554092966
17.787,0.9726450020567667
18.104625,0.9722336487042369
18.2875,0.9718222953517072
18.393375,0.9714109419991773
18.528125000000003,0.9709995886466475
19.7505,0.9705882352941176
19.827499999999997,0.9701768819415878
19.875625,0.969765528589058
20.02,0.9693541752365282
20.02,0.9689428218839984
20.7178125,0.9685314685314685
20.944000000000003,0.9681201151789387
21.560000000000002,0.9677087618264089
21.598500000000005,0.967297408473879
21.7284375,0.9668860551213493
21.829499999999996,0.9664747017688194
22.166375000000002,0.9660633484162896
22.407000000000004,0.9656519950637598
22.570624999999996,0.9652406417112299
22.889789999999998,0.9648292883587001
23.244374999999998,0.9644179350061703
23.284800000000004,0.9640065816536405
23.793,0.9635952283011107
24.110625,0.9631838749485808
24.1395,0.962772521596051
24.1395,0.9623611682435211
24.255000000000003,0.9619498148909914
25.33299999999999,0.9615384615384616
25.669874999999998,0.9611271081859317
25.794999999999998,0.9607157548334019
25.987499999999997,0.960304401480872
26.565,0.9598930481283422
26.565,0.9594816947758125
26.613125,0.9590703414232826
26.95,0.9586589880707528
26.95,0.9582476347182229
26.95,0.9578362813656931
26.95,0.9574249280131633
27.065499999999997,0.9570135746606335
27.286875000000002,0.9566022213081037
27.72,0.9561908679555738
27.960625,0.955779514603044
28.089600000000004,0.9553681612505142
28.105,0.9549568078979843
28.182000000000002,0.9545454545454546
28.49,0.9541341011929247
28.721000000000004,0.9537227478403949
29.105999999999998,0.9533113944878651
29.26,0.9529000411353352
29.26,0.9524886877828054
29.3755,0.9520773344302756
29.876,0.9516659810777458
30.723,0.951254627725216
31.261999999999997,0.9508432743726861
31.57,0.9504319210201563
32.05433,0.9500205676676265
32.34,0.9496092143150967
32.49400000000001,0.9491978609625669
32.648,0.948786507610037
32.725,0.9483751542575072
33.11,0.9479638009049773
33.552749999999996,0.9475524475524475
33.6875,0.9471410941999178
34.36125,0.9467297408473879
34.650000000000006,0.9463183874948581
34.650000000000006,0.9459070341423282
35.035000000000004,0.9454956807897984
35.035000000000004,0.9450843274372687
35.035000000000004,0.9446729740847388
35.70875,0.944261620732209
35.805,0.9438502673796791
35.853125000000006,0.9434389140271493
36.19,0.9430275606746195
36.20925,0.9426162073220896
36.20925,0.9422048539695599
36.343999999999994,0.94179350061703
36.8676,0.9413821472645002
36.96,0.9409707939119704
37.22468749999999,0.9405594405594405
37.30650000000001,0.9401480872069108
37.730000000000004,0.939736733854381
38.40375,0.9393253805018511
38.5,0.9389140271493213
39.269999999999996,0.9385026737967914
39.269999999999996,0.9380913204442616
39.5828125,0.9376799670917318
39.703125,0.937268613739202
39.75125,0.9368572603866722
39.886,0.9364459070341423
39.886,0.9360345536816125
40.04,0.9356232003290826
40.425000000000004,0.9352118469765529
40.425000000000004,0.9348004936240231
40.502,0.9343891402714932
40.81,0.9339777869189634
40.964000000000006,0.9335664335664335
41.09875,0.9331550802139037
41.435625,0.932743726861374
41.7725,0.9323323735088441
41.868750000000006,0.9319210201563143
41.9881,0.9315096668037844
42.042,0.9310983134512546
42.1575,0.9306869600987248
42.427,0.930275606746195
42.44625,0.9298642533936652
42.504000000000005,0.9294529000411353
42.735,0.9290415466886055
43.120000000000005,0.9286301933360757
43.120000000000005,0.9282188399835458
43.1585,0.9278074866310161
43.456875,0.9273961332784862
43.659,0.9269847799259564
43.743700000000004,0.9265734265734266
43.793749999999996,0.9261620732208967
44.06325,0.925750719868367
44.352000000000004,0.9253393665158371
44.4675,0.9249280131633073
44.506000000000014,0.9245166598107775
44.7678,0.9241053064582476
45.43,0.9236939531057178
45.815,0.9232825997531879
45.815,0.9228712464006582
46.08449999999999,0.9224598930481284
46.08449999999999,0.9220485396955985
46.199999999999996,0.9216371863430687
46.199999999999996,0.9212258329905388
46.58500000000001,0.9208144796380091
46.815999999999995,0.9204031262854793
46.815999999999995,0.9199917729329494
47.162499999999994,0.9195804195804196
47.355000000000004,0.9191690662278897
47.432,0.9187577128753599
47.74,0.9183463595228301
47.74,0.9179350061703003
47.83624999999999,0.9175236528177705
47.971,0.9171122994652406
48.279,0.9167009461127108
48.43300000000001,0.916289592760181
48.51,0.9158782394076512
48.51,0.9154668860551214
48.510000000000005,0.9150555327025915
48.606249999999996,0.9146441793500617
48.664,0.9142328259975319
48.895,0.913821472645002
48.972,0.9134101192924722
49.376250000000006,0.9129987659399424
50.53125,0.9125874125874126
50.53125,0.9121760592348828
50.53125,0.9117647058823529
50.53125,0.9113533525298231
50.53125,0.9109419991772933
50.868125,0.9105306458247635
50.868125,0.9101192924722337
51.205,0.9097079391197038
51.205,0.909296585767174
51.743999999999986,0.9088852324146441
52.36000000000001,0.9084738790621143
52.36000000000001,0.9080625257095846
52.36000000000001,0.9076511723570547
52.5525,0.9072398190045249
52.668000000000006,0.906828465651995
52.821999999999996,0.9064171122994652
53.36099999999999,0.9060057589469355
53.56312500000001,0.9055944055944056
53.56312500000001,0.9051830522418758
53.9,0.9047716988893459
53.9,0.9043603455368161
54.16949999999999,0.9039489921842863
54.67,0.9035376388317564
54.8625,0.9031262854792267
55.2475,0.9027149321266968
55.44,0.902303578774167
55.44,0.9018922254216372
55.90200000000001,0.9014808720691073
55.90200000000001,0.9010695187165776
56.21,0.9006581653640477
56.325500000000005,0.9002468120115179
56.595,0.8998354586589881
56.595,0.8994241053064582
56.595,0.8990127519539284
56.595,0.8986013986013986
56.595,0.8981900452488688
56.91840000000001,0.897778691896339
56.98,0.8973673385438091
57.057,0.8969559851912793
57.519000000000005,0.8965446318387494
57.596,0.8961332784862197
57.74999999999999,0.8957219251336899
57.74999999999999,0.89531057178116
57.74999999999999,0.8948992184286302
57.74999999999999,0.8944878650761003
57.9425,0.8940765117235705
57.9425,0.8936651583710408
58.135000000000005,0.8932538050185109
58.212,0.8928424516659811
58.3275,0.8924310983134512
58.52,0.8920197449609214
58.52,0.8916083916083917
58.52,0.8911970382558618
58.61625,0.890785684903332
59.29,0.8903743315508021
59.29,0.8899629781982723
59.29,0.8895516248457425
60.06,0.8891402714932126
60.06,0.8887289181406829
60.637499999999996,0.888317564788153
60.637499999999996,0.8879062114356232
61.11875,0.8874948580830934
61.214999999999996,0.8870835047305635
61.31125,0.8866721513780338
61.599999999999994,0.886260798025504
61.599999999999994,0.8858494446729741
61.98500000000001,0.8854380913204443
62.081250000000004,0.8850267379679144
62.2545,0.8846153846153846
62.65875,0.8842040312628547
62.909,0.883792677910325
62.995625,0.8833813245577952
63.3325,0.8829699712052653
63.36618749999999,0.8825586178527355
63.525000000000006,0.8821472645002056
63.87149999999999,0.8817359111476759
64.00625000000001,0.8813245577951461
64.00625000000001,0.8809132044426162
64.218,0.8805018510900864
64.68,0.8800904977375565
64.68,0.8796791443850267
64.68,0.8792677910324969
64.73775,0.8788564376799671
64.96875,0.8784450843274373
65.08425,0.8780337309749074
65.45,0.8776223776223776
65.45,0.8772110242698478
65.72527500000001,0.876799670917318
65.75380349999999,0.8763883175647882
66.171875,0.8759769642122583
66.93225,0.8755656108597285
66.99,0.8751542575071987
67.442375,0.8747429041546688
68.04875,0.874331550802139
68.68784999999998,0.8739201974496092
68.7225,0.8735088440970794
68.7225,0.8730974907445496
68.761,0.8726861373920197
68.761,0.8722747840394899
69.12675,0.8718634306869602
69.30000000000001,0.8714520773344303
69.30000000000001,0.8710407239819005
69.39625,0.8706293706293706
69.53099999999999,0.8702180172768408
70.07000000000001,0.8698066639243109
70.224,0.8693953105717811
70.224,0.8689839572192514
70.224,0.8685726038667215
70.74375,0.8681612505141917
70.74375,0.8677498971616618
70.9555,0.8673385438091321
70.9555,0.8669271904566023
71.22500000000001,0.8665158371040724
71.22500000000001,0.8661044837515426
72.1875,0.8656931303990127
72.38,0.8652817770464829
72.42812500000001,0.8648704236939531
72.765,0.8644590703414232
72.765,0.8640477169888935
72.765,0.8636363636363636
72.96712500000001,0.8632250102838338
73.15,0.862813656931304
73.15,0.8624023035787742
73.15,0.8619909502262444
73.16924999999999,0.8615795968737145
73.43875,0.8611682435211847
73.775625,0.8607568901686549
73.8815,0.860345536816125
73.92,0.8599341834635952
73.92,0.8595228301110653
73.92,0.8591114767585356
73.92,0.8587001234060058
73.92,0.8582887700534759
73.92,0.8578774167009461
74.22799999999998,0.8574660633484164
74.22799999999998,0.8570547099958865
74.30499999999999,0.8566433566433567
74.30499999999999,0.8562320032908268
74.69,0.855820649938297
74.78625,0.8554092965857671
74.9546875,0.8549979432332373
75.075,0.8545865898807075
75.123125,0.8541752365281777
75.3445,0.8537638831756479
75.3445,0.853352529823118
75.46000000000001,0.8529411764705882
75.46000000000001,0.8525298231180585
75.78340000000001,0.8521184697655286
76.13374999999999,0.8517071164129988
76.13374999999999,0.851295763060469
76.14915000000002,0.8508844097079391
76.8075,0.8504730563554093
76.8075,0.8500617030028794
76.8075,0.8496503496503497
77.0,0.8492389962978198
77.0,0.84882764294529
77.0,0.8484162895927602
77.17325,0.8480049362402303
77.48125,0.8475935828877006
77.48125,0.8471822295351707
77.77,0.8467708761826409
77.77,0.8463595228301111
77.77,0.8459481694775812
77.77,0.8455368161250514
78.155,0.8451254627725215
78.155,0.8447141094199918
78.155,0.844302756067462
79.5025,0.8438914027149321
79.58720000000001,0.8434800493624023
80.08,0.8430686960098724
80.44574999999999,0.8426573426573427
80.465,0.8422459893048129
80.85000000000001,0.841834635952283
80.85000000000001,0.8414232825997532
80.85000000000001,0.8410119292472233
81.62,0.8406005758946935
81.774,0.8401892225421637
81.860625,0.8397778691896339
82.005,0.8393665158371041
83.16,0.8389551624845742
83.16,0.8385438091320444
83.545,0.8381324557795146
84.1225,0.8377211024269848
84.21875,0.837309749074455
84.21875,0.8368983957219251
84.2688,0.8364870423693953
84.7,0.8360756890168655
84.7,0.8356643356643356
84.8925,0.8352529823118058
84.8925,0.834841628959276
86.24000000000001,0.8344302756067462
86.24000000000001,0.8340189222542164
86.24000000000001,0.8336075689016865
86.91375,0.8331962155491568
87.01,0.832784862196627
87.395,0.8323735088440971
87.45275,0.8319621554915673
87.58749999999999,0.8315508021390374
87.58749999999999,0.8311394487865076
87.72225,0.8307280954339777
87.78,0.8303167420814479
87.78,0.8299053887289182
87.78,0.8294940353763883
87.78,0.8290826820238585
87.78,0.8286713286713286
87.92437499999998,0.8282599753187989
88.242,0.8278486219662691
88.26124999999999,0.8274372686137392
88.5115,0.8270259152612094
88.55000000000001,0.8266145619086795
88.87340000000002,0.8262032085561497
88.87724999999999,0.8257918552036199
88.93499999999999,0.82538050185109
89.24300000000001,0.8249691484985603
89.32000000000001,0.8245577951460304
89.32000000000001,0.8241464417935006
89.94562499999999,0.8237350884409708
90.52312500000001,0.823323735088441
90.706,0.8229123817359112
91.168,0.8225010283833813
91.4375,0.8220896750308515
91.63,0.8216783216783217
91.63,0.8212669683257918
91.63,0.820855614973262
92.015,0.8204442616207321
92.16900000000001,0.8200329082682024
92.39999999999999,0.8196215549156726
92.39999999999999,0.8192102015631427
92.39999999999999,0.8187988482106129
92.39999999999999,0.8183874948580832
92.39999999999999,0.8179761415055533
92.39999999999999,0.8175647881530235
92.39999999999999,0.8171534348004936
92.39999999999999,0.8167420814479638
92.39999999999999,0.8163307280954339
92.39999999999999,0.8159193747429041
92.97749999999999,0.8155080213903744
93.63199999999999,0.8150966680378445
93.94000000000001,0.8146853146853147
93.94000000000001,0.8142739613327848
94.71000000000001,0.813862607980255
94.72925000000002,0.8134512546277253
94.99875,0.8130399012751954
95.200875,0.8126285479226656
95.403,0.8122171945701357
95.8265,0.8118058412176059
95.86500000000001,0.8113944878650761
96.25,0.8109831345125462
96.25,0.8105717811600165
96.25,0.8101604278074866
96.558,0.8097490744549568
96.558,0.809337721102427
97.02,0.8089263677498971
97.02000000000001,0.8085150143973674
97.02000000000001,0.8081036610448376
97.02000000000001,0.8076923076923077
98.021,0.8072809543397779
98.175,0.806869600987248
98.56,0.8064582476347182
99.33,0.8060468942821883
99.33,0.8056355409296586
99.715,0.8052241875771288
99.9845,0.8048128342245989
100.051875,0.8044014808720691
100.1,0.8039901275195392
100.40800000000002,0.8035787741670095
101.0625,0.8031674208144797
101.17800000000001,0.8027560674619498
102.073125,0.80234471410942
102.41,0.8019333607568901
102.56400000000002,0.8015220074043603
103.02600000000002,0.8011106540518305
103.1415,0.8006993006993007
103.17999999999999,0.8002879473467709
103.79600000000002,0.799876593994241
103.94999999999999,0.7994652406417112
105.105,0.7990538872891815
105.33600000000001,0.7986425339366516
105.49000000000001,0.7982311805841218
106.26,0.797819827231592
107.03,0.7974084738790621
107.03,0.7969971205265323
108.57000000000001,0.7965857671740024
108.8472,0.7961744138214726
108.9935,0.7957630604689429
109.14750000000001,0.795351707116413
109.725,0.7949403537638832
110.11,0.7945290004113533
110.495,0.7941176470588236
110.495,0.7937062937062938
110.6028,0.7932949403537639
111.16874999999999,0.7928835870012341
111.49600000000001,0.7924722336487042
111.57299999999998,0.7920608802961744
111.775125,0.7916495269436445
111.8425,0.7912381735911147
112.17937500000001,0.790826820238585
112.35840000000002,0.7904154668860551
112.35840000000002,0.7900041135335253
112.42,0.7895927601809954
112.42,0.7891814068284657
112.51625,0.7887700534759359
113.19,0.788358700123406
113.19,0.7879473467708762
113.66162499999999,0.7875359934183463
113.96,0.7871246400658165
114.5375,0.7867132867132867
114.57600000000002,0.7863019333607568
114.72999999999999,0.7858905800082271
114.9225,0.7854792266556972
115.49999999999999,0.7850678733031674
115.49999999999999,0.7846565199506376
115.49999999999999,0.7842451665981078
115.49999999999999,0.783833813245578
115.49999999999999,0.7834224598930482
115.808,0.7830111065405183
115.885,0.7825997531879885
117.04,0.7821883998354586
117.2325,0.7817770464829288
118.27200000000002,0.781365693130399
118.503,0.7809543397778692
118.58,0.7805429864253394
119.735,0.7801316330728095
119.79274999999998,0.7797202797202797
119.79274999999998,0.77930892636775
120.60125000000001,0.7788975730152201
120.6975,0.7784862196626903
120.6975,0.7780748663101604
121.27499999999999,0.7776635129576306
121.66,0.7772521596051007
122.892,0.7768408062525709
122.892,0.7764294529000412
123.29625,0.7760180995475113
123.97000000000001,0.7756067461949815
124.35499999999999,0.7751953928424516
124.74000000000001,0.7747840394899218
124.74000000000001,0.7743726861373921
125.3175,0.7739613327848622
125.51,0.7735499794323324
126.28,0.7731386260798025
127.05000000000001,0.7727272727272727
127.05000000000001,0.7723159193747429
127.05000000000001,0.771904566022213
127.33875,0.7714932126696833
127.82000000000001,0.7710818593171535
127.82000000000001,0.7706705059646236
128.01250000000002,0.7702591526120938
128.20499999999998,0.7698477992595639
129.36,0.7694364459070342
129.36,0.7690250925545044
129.36,0.7686137392019745
129.36,0.7682023858494447
129.36,0.7677910324969148
130.51500000000001,0.767379679144385
130.9,0.7669683257918551
130.9,0.7665569724393254
130.9,0.7661456190867956
130.9385,0.7657342657342657
131.67000000000002,0.7653229123817359
131.67000000000002,0.7649115590292062
132.055,0.7645002056766763
132.44,0.7640888523241465
132.82500000000002,0.7636774989716166
133.056,0.7632661456190868
134.75,0.762854792266557
135.42374999999998,0.7624434389140271
135.42374999999998,0.7620320855614973
135.52,0.7616207322089675
135.52,0.7612093788564377
136.0975,0.7607980255039078
137.445,0.760386672151378
137.82999999999998,0.7599753187988483
138.11875,0.7595639654463184
138.60000000000002,0.7591526120937886
138.60000000000002,0.7587412587412588
138.60000000000002,0.7583299053887289
138.60000000000002,0.7579185520361991
138.60000000000002,0.7575071986836692
138.60000000000002,0.7570958453311394
138.60000000000002,0.7566844919786097
138.69240000000002,0.7562731386260798
139.37,0.75586178527355
139.46625,0.7554504319210201
140.14000000000001,0.7550390785684904
140.448,0.7546277252159606
140.448,0.7542163718634307
140.448,0.7538050185109009
140.448,0.753393665158371
140.448,0.7529823118058412
140.448,0.7525709584533113
140.448,0.7521596051007815
140.448,0.7517482517482518
140.476875,0.7513368983957219
141.00625000000002,0.7509255450431921
141.4875,0.7505141916906622
141.4875,0.7501028383381325
141.4875,0.7496914849856027
141.4875,0.7492801316330728
142.065,0.748868778280543
142.296,0.7484574249280131
142.45000000000002,0.7480460715754833
142.7888,0.7476347182229535
142.835,0.7472233648704236
143.171875,0.7468120115178939
143.22,0.746400658165364
143.22,0.7459893048128342
143.374,0.7455779514603045
143.50875,0.7451665981077746
144.76,0.7447552447552448
145.376,0.744343891402715
145.53,0.7439325380501851
145.53,0.7435211846976553
145.53,0.7431098313451254
146.8775,0.7426984779925956
147.55125,0.7422871246400657
147.84,0.741875771287536
147.84,0.7414644179350062
147.84,0.7410530645824763
147.84,0.7406417112299466
147.84,0.7402303578774168
147.84,0.7398190045248869
147.84,0.7394076511723571
147.84,0.7389962978198272
147.84,0.7385849444672974
147.84,0.7381735911147675
147.84,0.7377622377622377
147.84,0.7373508844097079
147.84,0.7369395310571781
147.84,0.7365281777046483
147.84,0.7361168243521184
147.84,0.7357054709995887
148.22500000000002,0.7352941176470589
148.60999999999999,0.734882764294529
148.60999999999999,0.7344714109419992
148.89875,0.7340600575894694
149.38,0.7336487042369395
149.38,0.7332373508844097
149.38,0.7328259975318798
149.5725,0.73241464417935
149.5725,0.7320032908268203
150.15,0.7315919374742904
150.61200000000002,0.7311805841217606
150.92000000000002,0.7307692307692308
150.92000000000002,0.730357877416701
150.92000000000002,0.7299465240641712
150.92000000000002,0.7295351707116413
150.92000000000002,0.7291238173591115
151.59375,0.7287124640065816
151.59375,0.7283011106540518
152.46,0.727889757301522
152.46,0.7274784039489921
153.03750000000002,0.7270670505964624
153.615,0.7266556972439325
153.615,0.7262443438914027
154.539,0.725832990538873
154.77,0.7254216371863431
154.9625,0.7250102838338133
154.9625,0.7245989304812834
154.9625,0.7241875771287536
155.078,0.7237762237762237
155.078,0.7233648704236939
155.54,0.7229535170711641
155.80949999999999,0.7225421637186343
156.98374999999996,0.7221308103661045
157.07999999999998,0.7217194570135747
157.6575,0.7213081036610449
158.004,0.7208967503085151
158.33125,0.7204853969559852
158.62,0.7200740436034554
158.62,0.7196626902509256
159.005,0.7192513368983957
159.005,0.7188399835458659
159.39000000000001,0.718428630193336
159.39000000000001,0.7180172768408062
159.67875,0.7176059234882765
160.16,0.7171945701357466
160.3525,0.7167832167832168
161.02625,0.716371863430687
161.70000000000002,0.7159605100781572
162.37375,0.7155491567256274
162.39300000000003,0.7151378033730975
163.04749999999999,0.7147264500205677
163.24,0.7143150966680378
163.85600000000002,0.713903743315508
163.85600000000002,0.7134923899629781
164.01,0.7130810366104483
164.01,0.7126696832579186
164.78,0.7122583299053887
165.08800000000002,0.7118469765528589
165.165,0.7114356232003292
165.319,0.7110242698477993
165.55,0.7106129164952695
165.55,0.7102015631427396
165.7425,0.7097902097902098
166.32,0.70937885643768
166.753125,0.7089675030851501
166.782,0.7085561497326203
167.47500000000002,0.7081447963800904
167.76375000000002,0.7077334430275607
168.245,0.7073220896750309
168.245,0.706910736322501
168.245,0.7064993829699713
168.63,0.7060880296174414
168.774375,0.7056766762649116
170.12187500000002,0.7052653229123818
170.478,0.7048539695598519
170.94,0.7044426162073221
170.94,0.7040312628547922
170.94,0.7036199095022624
171.80625,0.7032085561497325
172.48000000000002,0.7027972027972028
172.48000000000002,0.702385849444673
173.490625,0.7019744960921431
174.63600000000002,0.7015631427396134
175.17499999999998,0.7011517893870836
175.175,0.7007404360345537
175.56,0.7003290826820239
175.56,0.699917729329494
175.56,0.6995063759769642
175.56,0.6990950226244343
176.253,0.6986836692719045
176.65725,0.6982723159193747
177.31560000000002,0.6978609625668449
177.331,0.6974496092143151
177.86999999999998,0.6970382558617852
177.87,0.6966269025092555
178.54375,0.6962155491567257
179.89124999999999,0.6958041958041958
179.94899999999998,0.695392842451666
179.94899999999998,0.6949814890991362
179.94899999999998,0.6945701357466063
180.18,0.6941587823940765
180.6805,0.6937474290415466
181.335,0.6933360756890168
181.72,0.692924722336487
182.49,0.6925133689839572
183.26,0.6921020156314274
183.26,0.6916906622788976
184.79999999999998,0.6912793089263678
184.79999999999998,0.690867955573838
184.79999999999998,0.6904566022213081
184.79999999999998,0.6900452488687783
184.79999999999998,0.6896338955162484
184.79999999999998,0.6892225421637186
184.79999999999998,0.6888111888111887
185.43525,0.688399835458659
185.57,0.6879884821061292
185.801,0.6875771287535993
186.5325,0.6871657754010696
187.10999999999999,0.6867544220485398
187.264,0.6863430686960099
187.30249999999998,0.6859317153434801
187.55660000000003,0.6855203619909502
187.62975,0.6851090086384204
187.6875,0.6846976552858905
187.88000000000002,0.6842863019333607
188.64999999999998,0.6838749485808309
189.42000000000002,0.6834635952283011
190.575,0.6830522418757713
190.96,0.6826408885232415
190.96,0.6822295351707117
190.96,0.6818181818181819
191.73000000000002,0.681406828465652
192.01874999999998,0.6809954751131222
192.19200000000004,0.6805841217605924
192.5,0.6801727684080625
192.5,0.6797614150555327
192.5,0.6793500617030028
193.703125,0.678938708350473
194.04,0.6785273549979433
194.04,0.6781160016454134
194.04,0.6777046482928836
194.04,0.6772932949403538
194.04,0.676881941587824
194.04000000000002,0.6764705882352942
194.04000000000002,0.6760592348827643
194.42499999999998,0.6756478815302345
195.31050000000002,0.6752365281777046
196.73499999999999,0.6748251748251748
196.7735,0.674413821472645
197.12,0.6740024681201151
197.50500000000002,0.6735911147675854
197.89000000000001,0.6731797614150555
197.89000000000001,0.6727684080625257
198.0825,0.672357054709996
200.10375,0.6719457013574661
200.2,0.6715343480049363
200.2,0.6711229946524064
200.2,0.6707116412998766
200.2,0.6703002879473468
200.97,0.6698889345948169
200.97,0.6694775812422871
200.97,0.6690662278897572
200.97,0.6686548745372275
201.894,0.6682435211846977
202.125,0.6678321678321678
204.08850000000004,0.6674208144796381
204.14625,0.6670094611271082
204.82,0.6665981077745784
205.18575000000004,0.6661867544220486
205.59000000000003,0.6657754010695187
205.59000000000003,0.6653640477169889
206.745,0.664952694364459
207.178125,0.6645413410119292
207.89999999999998,0.6641299876593993
207.89999999999998,0.6637186343068696
209.209,0.6633072809543398
209.44000000000003,0.6628959276018099
209.53625000000002,0.6624845742492802
209.53625000000002,0.6620732208967504
209.825,0.6616618675442205
210.21,0.6612505141916907
210.67200000000003,0.6608391608391608
210.67200000000003,0.660427807486631
210.98000000000002,0.6600164541341011
211.365,0.6596051007815713
211.5575,0.6591937474290415
211.5575,0.6587823940765117
212.135,0.6583710407239819
212.23125,0.657959687371452
213.91562499999998,0.6575483340189223
215.061,0.6571369806663925
215.6,0.6567256273138626
215.6,0.6563142739613328
217.14000000000001,0.655902920608803
217.91,0.6554915672562731
218.29500000000002,0.6550802139037433
218.96875,0.6546688605512134
219.45,0.6542575071986837
219.45,0.6538461538461539
219.6425,0.653434800493624
220.836,0.6530234471410943
221.64450000000002,0.6526120937885644
221.64450000000002,0.6522007404360346
221.76,0.6517893870835048
221.76,0.6513780337309749
221.76,0.6509666803784451
221.76,0.6505553270259152
222.33749999999998,0.6501439736733854
222.53,0.6497326203208555
223.29999999999998,0.6493212669683258
223.29999999999998,0.648909913615796
223.29999999999998,0.6484985602632661
223.685,0.6480872069107364
224.07,0.6476758535582066
224.07,0.6472645002056767
224.07,0.6468531468531469
225.0325,0.646441793500617
225.30200000000002,0.6460304401480872
225.60999999999999,0.6456190867955574
226.38,0.6452077334430275
226.38,0.6447963800904977
226.76500000000001,0.6443850267379679
227.14999999999998,0.6439736733854381
227.92,0.6435623200329083
228.228,0.6431509666803785
228.228,0.6427396133278487
228.69000000000003,0.6423282599753188
229.075,0.641916906622789
229.15200000000004,0.6415055532702592
229.45999999999998,0.6410941999177293
230.23000000000002,0.6406828465651995
230.42249999999999,0.6402714932126696
230.42249999999999,0.6398601398601398
230.42249999999999,0.6394487865076101
230.99999999999997,0.6390374331550802
230.99999999999997,0.6386260798025504
230.99999999999997,0.6382147264500206
230.99999999999997,0.6378033730974908
230.99999999999997,0.637392019744961
230.99999999999997,0.6369806663924311
230.99999999999997,0.6365693130399013
230.99999999999997,0.6361579596873714
230.99999999999997,0.6357466063348416
231.154,0.6353352529823117
232.44375,0.6349238996297819
233.31,0.6345125462772522
233.31,0.6341011929247223
233.31,0.6336898395721925
233.454375,0.6332784862196628
234.08,0.6328671328671329
234.465,0.6324557795146031
234.465,0.6320444261620732
234.465,0.6316330728095434
234.465,0.6312217194570136
234.465,0.6308103661044837
234.85,0.6303990127519539
235.62,0.629987659399424
235.62,0.6295763060468943
235.81249999999997,0.6291649526943645
236.823125,0.6287535993418346
237.16,0.6283422459893049
237.16,0.627930892636775
237.69899999999998,0.6275195392842452
238.5075,0.6271081859317154
238.7,0.6266968325791855
239.08499999999998,0.6262854792266557
239.38337499999997,0.6258741258741258
239.63940000000002,0.625462772521596
240.24,0.6250514191690661
240.24,0.6246400658165364
240.52875,0.6242287124640066
241.395,0.6238173591114767
241.395,0.623406005758947
241.395,0.6229946524064172
243.32,0.6225832990538873
243.560625,0.6221719457013575
243.560625,0.6217605923488276
243.58950000000004,0.6213492389962978
243.95524999999998,0.620937885643768
244.475,0.6205265322912381
244.475,0.6201151789387084
244.475,0.6197038255861785
244.85999999999999,0.6192924722336487
245.245,0.618881118881119
245.245,0.6184697655285891
245.784,0.6180584121760593
245.91875,0.6176470588235294
246.01500000000001,0.6172357054709996
246.39999999999998,0.6168243521184698
248.32500000000002,0.6164129987659399
248.32500000000002,0.6160016454134101
248.61375,0.6155902920608802
248.61375,0.6151789387083505
249.28750000000002,0.6147675853558207
249.28750000000002,0.6143562320032908
249.28750000000002,0.6139448786507611
249.335625,0.6135335252982312
249.48000000000002,0.6131221719457014
250.40400000000005,0.6127108185931716
251.636,0.6122994652406417
251.79000000000002,0.6118881118881119
252.25199999999998,0.611476758535582
252.25199999999998,0.6110654051830522
252.3675,0.6106540518305223
252.3675,0.6102426984779926
252.56,0.6098313451254628
252.56,0.6094199917729329
252.56,0.6090086384204032
254.10000000000002,0.6085972850678734
254.56200000000004,0.6081859317153435
254.56200000000004,0.6077745783628137
254.6775,0.6073632250102838
254.6775,0.606951871657754
254.6775,0.6065405183052242
255.64000000000001,0.6061291649526943
256.02500000000003,0.6057178116001645
256.40999999999997,0.6053064582476347
256.40999999999997,0.6048951048951049
256.69875,0.604483751542575
256.7565,0.6040723981900453
257.18,0.6036610448375155
258.72,0.6032496914849856
258.72,0.6028383381324558
258.72,0.602426984779926
258.72,0.6020156314273961
258.72,0.6016042780748663
258.72,0.6011929247223364
258.72,0.6007815713698066
258.72,0.6003702180172769
258.72,0.599958864664747
258.72,0.5995475113122172
258.72,0.5991361579596874
258.72,0.5987248046071576
258.72,0.5983134512546278
258.72,0.5979020979020979
258.72,0.5974907445495681
258.72,0.5970793911970382
258.72,0.5966680378445084
258.72,0.5962566844919786
259.64400000000006,0.5958453311394487
259.875,0.595433977786919
260.26,0.5950226244343891
260.414,0.5946112710818593
261.14549999999997,0.5941999177293296
261.8,0.5937885643767997
261.8,0.5933772110242699
262.76250000000005,0.59296585767174
262.76250000000005,0.5925545043192102
263.34000000000003,0.5921431509666804
263.34000000000003,0.5917317976141505
263.34000000000003,0.5913204442616207
263.43625000000003,0.5909090909090908
264.78375,0.5904977375565611
264.78375,0.5900863842040313
264.78375,0.5896750308515014
264.803,0.5892636774989717
265.26500000000004,0.5888523241464418
265.65000000000003,0.588440970793912
266.42,0.5880296174413822
266.805,0.5876182640888523
267.729,0.5872069107363225
267.96,0.5867955573837926
268.82625,0.5863842040312628
269.5,0.5859728506787331
269.5,0.5855614973262032
269.5,0.5851501439736734
269.5,0.5847387906211436
269.5,0.5843274372686138
270.963,0.583916083916084
271.04,0.5835047305635541
271.04,0.5830933772110243
271.2402,0.5826820238584944
271.425,0.5822706705059646
272.118,0.5818593171534348
272.118,0.5814479638009049
272.195,0.5810366104483752
272.195,0.5806252570958453
272.195,0.5802139037433155
272.86875000000003,0.5798025503907858
272.88800000000003,0.5793911970382559
273.504,0.5789798436857261
273.735,0.5785684903331962
274.12,0.5781571369806664
274.12,0.5777457836281366
274.3125,0.5773344302756067
274.3125,0.5769230769230769
274.89,0.576511723570547
275.75625,0.5761003702180173
276.507,0.5756890168654875
277.20000000000005,0.5752776635129576
277.20000000000005,0.5748663101604279
277.96999999999997,0.574454956807898
278.74,0.5740436034553682
278.9325,0.5736322501028384
278.9325,0.5732208967503085
278.9325,0.5728095433977787
278.9325,0.5723981900452488
278.9325,0.571986836692719
279.60625000000005,0.5715754833401891
280.28000000000003,0.5711641299876594
280.896,0.5707527766351296
280.896,0.5703414232825997
280.896,0.56993006993007
280.896,0.5695187165775402
280.896,0.5691073632250103
281.05,0.5686960098724805
281.29062500000003,0.5682846565199506
281.82,0.5678733031674208
282.359,0.567461949814891
282.359,0.5670505964623611
282.975,0.5666392431098313
285.28499999999997,0.5662278897573015
285.8625,0.5658165364047717
286.44,0.5654051830522419
286.44,0.5649938296997121
286.44,0.5645824763471823
286.44,0.5641711229946524
286.82500000000005,0.5637597696421226
287.0175,0.5633484162895928
287.0175,0.5629370629370629
287.47950000000003,0.5625257095845331
287.59499999999997,0.5621143562320032
288.75,0.5617030028794734
288.75,0.5612916495269437
288.9425,0.5608802961744138
289.52,0.560468942821884
289.52,0.5600575894693542
289.52,0.5596462361168244
290.598,0.5592348827642946
290.675,0.5588235294117647
291.06,0.5584121760592349
291.06,0.558000822706705
292.6,0.5575894693541752
292.6,0.5571781160016454
292.96575,0.5567667626491155
293.08125,0.5563554092965858
293.08125,0.5559440559440559
293.08125,0.5555327025915261
293.08125,0.5551213492389964
293.08125,0.5547099958864665
294.14,0.5542986425339367
294.52500000000003,0.5538872891814068
294.52500000000003,0.553475935828877
295.526,0.5530645824763472
295.526,0.5526532291238173
295.526,0.5522418757712875
295.68,0.5518305224187576
295.68,0.5514191690662279
295.68,0.5510078157136981
295.68,0.5505964623611683
295.68,0.5501851090086385
295.68,0.5497737556561086
295.68,0.5493624023035788
295.68,0.548951048951049
295.68,0.5485396955985191
295.68,0.5481283422459893
295.68,0.5477169888934594
295.68,0.5473056355409296
295.68,0.5468942821883999
295.68,0.54648292883587
295.68,0.5460715754833402
295.68,0.5456602221308104
295.68,0.5452488687782806
295.68,0.5448375154257508
295.68,0.5444261620732209
296.45000000000005,0.5440148087206911
297.12375000000003,0.5436034553681612
298.375,0.5431921020156314
298.45200000000006,0.5427807486631016
299.915,0.5423693953105717
300.2076,0.541958041958042
300.78125,0.5415466886055121
301.378,0.5411353352529823
301.84000000000003,0.5407239819004526
301.84000000000003,0.5403126285479227
301.84000000000003,0.5399012751953929
302.225,0.539489921842863
303.38,0.5390785684903332
304.92,0.5386672151378034
304.92,0.5382558617852735
304.92,0.5378445084327437
305.03549999999996,0.5374331550802138
305.03549999999996,0.5370218017276841
305.20875,0.5366104483751543
306.46,0.5361990950226244
307.23,0.5357877416700947
308.0,0.5353763883175648
308.0,0.534965034965035
308.0,0.5345536816125052
308.0,0.5341423282599753
309.54,0.5337309749074455
309.925,0.5333196215549156
310.46400000000006,0.5329082682023858
311.08,0.532496914849856
311.08,0.5320855614973262
311.08,0.5316742081447964
311.08,0.5312628547922665
311.542,0.5308515014397368
311.61899999999997,0.530440148087207
311.61899999999997,0.5300287947346771
311.85,0.5296174413821473
311.85,0.5292060880296174
312.62,0.5287947346770876
313.082,0.5283833813245578
313.29375000000005,0.5279720279720279
313.96750000000003,0.5275606746194981
314.15999999999997,0.5271493212669683
314.15999999999997,0.5267379679144385
316.46999999999997,0.5263266145619087
316.46999999999997,0.5259152612093789
316.46999999999997,0.5255039078568491
316.6625,0.5250925545043192
317.24,0.5246812011517894
317.625,0.5242698477992596
318.01,0.5238584944467297
318.78000000000003,0.5234471410941999
320.32,0.52303578774167
321.86,0.5226244343891402
323.40000000000003,0.5222130810366105
323.40000000000003,0.5218017276840806
323.40000000000003,0.5213903743315508
323.40000000000003,0.520979020979021
323.40000000000003,0.5205676676264912
323.40000000000003,0.5201563142739614
323.40000000000003,0.5197449609214315
323.40000000000003,0.5193336075689017
323.40000000000003,0.5189222542163718
323.40000000000003,0.518510900863842
323.40000000000003,0.5180995475113122
323.40000000000003,0.5176881941587823
324.32400000000007,0.5172768408062526
325.32500000000005,0.5168654874537227
325.71,0.516454134101193
326.09499999999997,0.5160427807486632
326.249,0.5156314273961333
328.02,0.5152200740436035
331.1,0.5148087206910736
332.64,0.5143973673385438
333.02500000000003,0.513986013986014
333.50625,0.5135746606334841
333.564,0.5131633072809543
334.18,0.5127519539284245
334.95000000000005,0.5123406005758947
334.95000000000005,0.5119292472233649
335.71999999999997,0.5115178938708351
335.71999999999997,0.5111065405183053
336.105,0.5106951871657754
336.20125,0.5102838338132456
336.49,0.5098724804607158
337.26,0.5094611271081859
338.8,0.5090497737556561
338.8,0.5086384204031262
339.416,0.5082270670505964
339.57,0.5078157136980667
339.57,0.5074043603455368
340.03200000000004,0.506993006993007
340.24375000000003,0.5065816536404772
340.34000000000003,0.5061703002879474
341.88,0.5057589469354176
341.928125,0.5053475935828877
342.65000000000003,0.5049362402303579
343.805,0.504524886877828
344.5365,0.5041135335252982
345.268,0.5037021801727684
345.63375,0.5032908268202385
346.5,0.5028794734677088
346.731,0.5024681201151789
347.46250000000003,0.5020567667626491
347.65500000000003,0.5016454134101194
348.194,0.5012340600575895
348.425,0.5008227067050597
348.81,0.5004113533525298
349.96500000000003,0.5
350.34999999999997,0.49958864664747016
350.35,0.4991772932949403
350.35,0.4987659399424106
351.12,0.49835458658988074
351.12,0.4979432332373509
351.12,0.49753187988482106
351.12,0.4971205265322912
351.12,0.4967091731797614
351.12,0.49629781982723165
352.42900000000003,0.4958864664747018
352.58299999999997,0.49547511312217196
353.43,0.4950637597696421
354.20000000000005,0.4946524064171123
354.20000000000005,0.49424105306458244
354.20000000000005,0.4938296997120527
354.20000000000005,0.49341834635952286
355.73999999999995,0.493006993006993
355.74,0.4925956396544632
355.74,0.49218428630193334
357.28000000000003,0.4917729329494035
357.76124999999996,0.49136157959687377
358.05,0.4909502262443439
358.43499999999995,0.4905388728918141
358.435,0.49012751953928424
358.435,0.4897161661867544
358.82,0.48930481283422456
359.78249999999997,0.4888934594816948
360.36,0.488482106129165
361.515,0.48807075277663514
362.67,0.4876593994241053
363.44,0.48724804607157546
363.825,0.4868366927190456
363.825,0.4864253393665159
363.92125,0.48601398601398604
364.98,0.4856026326614562
364.98,0.48519127930892636
365.17249999999996,0.4847799259563965
365.75,0.4843685726038667
366.3275,0.48395721925133695
366.52,0.4835458658988071
368.06,0.48313451254627726
368.67600000000004,0.4827231591937474
369.40749999999997,0.4823118058412176
369.59999999999997,0.48190045248868774
369.59999999999997,0.481489099136158
369.59999999999997,0.48107774578362816
369.59999999999997,0.4806663924310983
369.59999999999997,0.4802550390785685
369.59999999999997,0.47984368572603864
369.59999999999997,0.4794323323735088
369.59999999999997,0.47902097902097907
371.14,0.4786096256684492
371.602,0.4781982723159194
371.91,0.47778691896338954
371.91,0.4773755656108597
372.68000000000006,0.47696421225832986
372.68000000000006,0.4765528589058001
373.065,0.4761415055532703
373.45,0.47573015220074044
373.45,0.4753187988482106
373.93125,0.47490744549568076
374.21999999999997,0.4744960921431509
374.60499999999996,0.4740847387906212
377.29999999999995,0.47367338543809134
377.29999999999995,0.4732620320855615
378.55125,0.47285067873303166
378.84000000000003,0.4724393253805018
378.91700000000003,0.472027972027972
379.995,0.47161661867544225
380.38000000000005,0.4712052653229124
383.46000000000004,0.47079391197038256
383.46000000000004,0.4703825586178527
384.615,0.4699712052653229
385.0,0.46955985191279304
385.0,0.4691484985602633
385.0,0.46873714520773346
385.0,0.4683257918552036
385.0,0.4679144385026738
385.38499999999993,0.46750308515014394
386.54,0.4670917317976141
388.08,0.46668037844508437
388.08,0.4662690250925545
388.08,0.4658576717400247
388.08,0.46544631838749484
388.08,0.465034965034965
388.08,0.46462361168243527
388.08,0.4642122583299054
388.08,0.4638009049773756
388.08000000000004,0.46338955162484574
388.08000000000004,0.4629781982723159
388.4265,0.46256684491978606
389.62,0.4621554915672563
390.775,0.4617441382147265
390.775,0.46133278486219664
391.16,0.4609214315096668
392.7,0.46051007815713696
392.7,0.4600987248046071
394.24,0.4596873714520774
394.27849999999995,0.45927601809954754
395.01000000000005,0.4588646647470177
395.01000000000005,0.45845331139448786
396.165,0.458041958041958
396.54999999999995,0.4576306046894282
396.83875,0.45721925133689845
397.32,0.4568078979843686
397.32,0.45639654463183876
397.32,0.4559851912793089
397.86285000000004,0.4555738379267791
398.6675,0.45516248457424924
400.4,0.4547511312217195
400.4,0.45433977786918966
400.4,0.4539284245166598
401.94,0.45351707116413
404.25,0.45310571781160014
404.25,0.4526943644590703
405.02,0.45228301110654057
406.71400000000006,0.4518716577540107
406.945,0.4514603044014809
408.09999999999997,0.45104895104895104
408.1770000000001,0.4506375976964212
408.2925,0.45022624434389136
408.2925,0.4498148909913616
408.2925,0.4494035376388318
408.2925,0.44899218428630194
409.64,0.4485808309337721
409.64,0.44816947758124226
412.566,0.4477581242287124
412.71999999999997,0.4473467708761827
415.79999999999995,0.44693541752365284
415.79999999999995,0.446524064171123
415.79999999999995,0.44611271081859316
417.3207500000001,0.4457013574660633
418.11,0.4452900041135335
418.39875000000006,0.44487865076100375
418.88000000000005,0.4444672974084739
418.88000000000005,0.44405594405594406
419.14950000000005,0.4436445907034142
419.65,0.4432332373508844
420.42,0.44282188399835454
420.42,0.4424105306458248
420.42,0.44199917729329496
420.42,0.4415878239407651
421.09375,0.4411764705882353
421.34400000000005,0.44076511723570544
421.34400000000005,0.4403537638831756
423.115,0.43994241053064587
423.5,0.439531057178116
423.5,0.4391197038255862
423.5,0.43870835047305634
423.5,0.4382969971205265
423.5,0.43788564376799666
424.4625,0.4374742904154669
426.58000000000004,0.4370629370629371
427.19599999999997,0.43665158371040724
427.34999999999997,0.4362402303578774
428.12,0.43582887700534756
428.12,0.4354175236528177
431.58500000000004,0.435006170300288
432.3165000000001,0.43459481694775814
433.04799999999994,0.4341834635952283
433.125,0.43377211024269846
434.28000000000003,0.4333607568901686
434.28000000000003,0.4329494035376388
434.28000000000003,0.43253805018510905
435.04999999999995,0.4321266968325792
435.24250000000006,0.43171534348004936
435.24250000000006,0.4313039901275195
436.59000000000003,0.4308926367749897
436.59000000000003,0.43048128342245995
438.9,0.4300699300699301
438.9,0.42965857671740026
438.9,0.4292472233648704
438.9,0.4288358700123406
438.9,0.42842451665981074
438.9,0.428013163307281
439.285,0.42760180995475117
439.285,0.4271904566022213
441.98,0.4267791032496915
442.75,0.42636774989716164
443.28900000000004,0.4259563965446318
443.28900000000004,0.42554504319210207
443.52,0.4251336898395722
443.52,0.4247223364870424
443.52,0.42431098313451254
443.52,0.4238996297819827
443.52,0.42348827642945286
443.52,0.42307692307692313
443.7125,0.4226655697243933
445.48349999999994,0.42225421637186344
445.83000000000004,0.4218428630193336
446.59999999999997,0.42143150966680376
446.59999999999997,0.4210201563142739
446.59999999999997,0.4206088029617442
446.59999999999997,0.42019744960921435
446.59999999999997,0.4197860962566845
447.67800000000005,0.41937474290415466
448.14,0.4189633895516248
448.14,0.418552036199095
448.525,0.41814068284656525
449.68,0.4177293294940354
450.45,0.41731797614150556
450.45,0.4169066227889757
450.45,0.4164952694364459
452.067,0.41608391608391604
452.76,0.4156725627313863
452.76,0.41526120937885647
455.05074999999994,0.4148498560263266
456.456,0.4144385026737968
456.8025,0.41402714932126694
458.15,0.4136157959687371
458.15,0.41320444261620737
458.91999999999996,0.4127930892636775
459.69,0.4123817359111477
460.84499999999997,0.41197038255861784
461.99999999999994,0.411559029206088
461.99999999999994,0.41114767585355816
461.99999999999994,0.41073632250102843
461.99999999999994,0.4103249691484986
461.99999999999994,0.40991361579596874
461.99999999999994,0.4095022624434389
463.03950000000003,0.40909090909090906
463.54,0.4086795557383792
463.54,0.4082682023858495
463.54,0.40785684903331965
464.31,0.4074454956807898
466.62,0.40703414232825996
466.62,0.4066227889757301
466.62,0.4062114356232003
466.90875,0.40580008227067055
468.16,0.4053887289181407
468.16,0.40497737556561086
468.16,0.404566022213081
468.93,0.4041546688605512
468.93,0.40374331550802134
469.7,0.4033319621554916
471.08599999999996,0.40292060880296177
471.24,0.4025092554504319
471.62499999999994,0.4020979020979021
473.54999999999995,0.40168654874537224
473.54999999999995,0.4012751953928424
473.54999999999995,0.40086384204031267
474.012,0.4004524886877828
475.47499999999997,0.400041135335253
475.86,0.39962978198272314
477.4,0.3992184286301933
477.4,0.39880707527766346
477.4,0.39839572192513373
478.36249999999995,0.3979843685726039
479.71000000000004,0.39757301522007404
479.71000000000004,0.3971616618675442
480.48,0.39675030851501436
480.48,0.39633895516248463
481.24999999999994,0.3959276018099548
481.24999999999994,0.39551624845742495
481.24999999999994,0.3951048951048951
482.40500000000003,0.39469354175236526
482.79,0.3942821883998354
485.09999999999997,0.3938708350473057
486.4475,0.39345948169477585
486.4475,0.393048128342246
486.64,0.39263677498971616
487.025,0.3922254216371863
487.41,0.3918140682846565
487.41,0.39140271493212675
488.95,0.3909913615795969
488.95,0.39058000822706707
489.71999999999997,0.3901686548745372
490.105,0.3897573015220074
490.105,0.38934594816947754
490.49,0.3889345948169478
491.568,0.38852324146441797
492.03000000000003,0.3881118881118881
492.79999999999995,0.3877005347593583
492.79999999999995,0.38728918140682844
492.79999999999995,0.3868778280542986
492.79999999999995,0.38646647470176887
492.79999999999995,0.386055121349239
492.79999999999995,0.3856437679967092
492.79999999999995,0.38523241464417934
493.185,0.3848210612916495
493.521875,0.38440970793911966
494.494,0.38399835458658993
495.20625000000007,0.3835870012340601
495.20625000000007,0.38317564788153025
495.20625000000007,0.3827642945290004
495.20625000000007,0.38235294117647056
495.88000000000005,0.3819415878239407
495.95700000000005,0.381530234471411
496.65000000000003,0.38111888111888115
496.65000000000003,0.3807075277663513
497.2275,0.38029617441382146
498.96000000000004,0.3798848210612916
498.96000000000004,0.3794734677087618
500.34599999999995,0.37906211435623205
500.50000000000006,0.3786507610037022
501.27,0.37823940765117237
503.58000000000004,0.3778280542986425
503.58000000000004,0.3774167009461127
503.58000000000004,0.37700534759358284
504.735,0.3765939942410531
505.31250000000006,0.37618264088852327
505.89,0.3757712875359934
506.66,0.3753599341834636
508.20000000000005,0.37494858083093374
508.20000000000005,0.3745372274784039
508.20000000000005,0.37412587412587417
508.20000000000005,0.3737145207733443
508.20000000000005,0.3733031674208145
508.20000000000005,0.37289181406828464
510.12500000000006,0.3724804607157548
511.5880000000001,0.37206910736322496
512.8199999999999,0.37165775401069523
512.8199999999999,0.3712464006581654
513.975,0.37083504730563555
515.9000000000001,0.3704236939531057
517.44,0.37001234060057586
517.44,0.369600987248046
517.44,0.3691896338955163
517.44,0.36877828054298645
518.4506250000001,0.3683669271904566
518.98,0.36795557383792676
519.75,0.3675442204853969
519.75,0.3671328671328671
519.75,0.36672151378033735
520.135,0.3663101604278075
520.52,0.36589880707527767
521.4825,0.3654874537227478
522.0600000000001,0.365076100370218
523.6,0.36466474701768814
523.6,0.3642533936651584
524.4855,0.36384204031262857
525.5250000000001,0.3634306869600987
531.3000000000001,0.3630193336075689
531.3000000000001,0.36260798025503904
533.2635,0.3621966269025092
535.1500000000001,0.36178527354997947
535.63125,0.3613739201974496
535.92,0.3609625668449198
539.0,0.36055121349238994
539.0,0.3601398601398601
539.0,0.35972850678733037
539.0,0.35931715343480053
539.0,0.3589058000822707
539.0,0.35849444672974085
539.0,0.358083093377211
540.54,0.35767174002468116
541.6949999999999,0.35726038667215143
544.39,0.3568490333196216
544.39,0.35643767996709175
544.7750000000001,0.3560263266145619
545.16,0.35561497326203206
546.7,0.3552036199095022
547.085,0.3547922665569725
549.78,0.35438091320444265
550.5500000000001,0.3539695598519128
550.8580000000001,0.35355820649938297
551.3199999999999,0.3531468531468531
551.3199999999999,0.3527354997943233
551.80125,0.35232414644179355
553.8225,0.3519127930892637
554.4000000000001,0.35150143973673387
554.4000000000001,0.351090086384204
554.4000000000001,0.3506787330316742
555.84375,0.35026737967914434
555.9399999999999,0.3498560263266146
555.9399999999999,0.34944467297408477
556.71,0.3490333196215549
558.25,0.3486219662690251
558.25,0.34821061291649524
558.25,0.3477992595639654
558.25,0.34738790621143567
558.25,0.34697655285890583
560.1750000000001,0.346565199506376
560.5600000000001,0.34615384615384615
560.5600000000001,0.3457424928013163
561.792,0.34533113944878646
561.792,0.34491978609625673
561.792,0.3445084327437269
563.64,0.34409707939119705
563.64,0.3436857260386672
564.718,0.34327437268613736
565.95,0.3428630193336075
568.26,0.3424516659810778
569.6460000000001,0.34204031262854795
570.5699999999999,0.3416289592760181
572.01375,0.34121760592348827
572.88,0.3408062525709584
572.88,0.3403948992184286
575.96,0.33998354586589885
575.96,0.339572192513369
576.422,0.33916083916083917
577.5,0.3387494858083093
577.5,0.3383381324557795
577.5,0.33792677910324964
577.5,0.3375154257507199
577.5,0.33710407239819007
577.5,0.3366927190456602
577.5,0.3362813656931304
577.5,0.33587001234060054
577.5924,0.3354586589880707
579.71375,0.33504730563554097
584.4300000000001,0.33463595228301113
584.4300000000001,0.3342245989304813
584.8149999999999,0.33381324557795145
584.8149999999999,0.3334018922254216
586.1625,0.33299053887289176
588.28,0.33257918552036203
588.28,0.3321678321678322
591.052,0.33175647881530235
591.36,0.3313451254627725
591.36,0.33093377211024266
591.36,0.3305224187577128
591.36,0.3301110654051831
591.36,0.32969971205265325
591.36,0.3292883587001234
591.36,0.32887700534759357
591.36,0.3284656519950637
591.36,0.3280542986425339
591.36,0.32764294529000415
591.36,0.3272315919374743
591.36,0.32682023858494447
594.4399999999999,0.3264088852324146
595.98,0.3259975318798848
595.98,0.32558617852735505
596.75,0.3251748251748252
598.6750000000001,0.32476347182229537
599.15625,0.3243521184697655
600.31125,0.3239407651172357
600.6,0.32352941176470584
600.6,0.3231180584121761
600.6,0.32270670505964627
600.6,0.32229535170711643
600.985,0.3218839983545866
601.5625,0.32147264500205674
603.6800000000001,0.3210612916495269
604.0649999999999,0.3206499382969972
604.45,0.32023858494446733
605.4125,0.3198272315919375
608.3000000000001,0.31941587823940765
611.534,0.3190045248868778
612.43875,0.31859317153434796
614.46,0.31818181818181823
614.46,0.3177704648292884
614.46,0.31735911147675855
616.0,0.3169477581242287
616.0,0.31653640477169886
616.0,0.316125051419169
616.77,0.3157136980666393
617.386,0.31530234471410945
618.3100000000001,0.3148909913615796
619.85,0.31447963800904977
620.928,0.3140682846565199
622.16,0.3136569313039901
622.16,0.31324557795146035
623.2379999999999,0.3128342245989305
623.7,0.31242287124640067
623.7,0.3120115178938708
624.56625,0.311600164541341
627.5500000000001,0.31118881118881114
628.3199999999999,0.3107774578362814
628.3199999999999,0.31036610448375157
629.09,0.30995475113122173
629.09,0.3095433977786919
632.016,0.30913204442616204
632.016,0.3087206910736322
632.9399999999999,0.30830933772110247
634.2105,0.30789798436857263
635.25,0.3074866310160428
636.02,0.30707527766351295
639.1,0.3066639243109831
639.1,0.30625257095845326
642.95,0.30584121760592353
645.7893750000001,0.3054298642533937
646.8000000000001,0.30501851090086385
646.8000000000001,0.304607157548334
646.8000000000001,0.30419580419580416
646.8000000000001,0.3037844508432743
646.8000000000001,0.3033730974907446
646.8000000000001,0.30296174413821475
646.8000000000001,0.3025503907856849
646.8000000000001,0.30213903743315507
649.11,0.3017276840806252
649.11,0.3013163307280954
651.42,0.30090497737556565
651.42,0.3004936240230358
652.96,0.30008227067050597
654.5,0.2996709173179761
654.5,0.2992595639654463
656.04,0.29884821061291644
658.35,0.2984368572603867
658.35,0.29802550390785687
660.94875,0.29761415055532703
662.2,0.2972027972027972
662.97,0.29679144385026734
665.28,0.2963800904977375
667.0125,0.29596873714520777
669.9000000000001,0.29555738379267793
669.9000000000001,0.2951460304401481
669.9000000000001,0.29473467708761825
669.9000000000001,0.2943233237350884
669.9000000000001,0.29391197038255856
669.9000000000001,0.29350061703002883
670.0540000000001,0.293089263677499
671.4399999999999,0.29267791032496915
671.4399999999999,0.2922665569724393
672.21,0.29185520361990946
672.21,0.29144385026737973
673.75,0.2910324969148499
673.75,0.29062114356232005
674.52,0.2902097902097902
677.6,0.28979843685726037
679.14,0.2893870835047305
681.45,0.2889757301522008
683.76,0.28856437679967095
683.76,0.2881530234471411
683.76,0.28774167009461127
685.3000000000001,0.2873303167420814
687.1480000000001,0.2869189633895516
687.225,0.28650761003702185
691.075,0.286096256684492
693.0,0.28568490333196217
693.0,0.28527354997943233
693.0,0.2848621966269025
693.0,0.28445084327437264
693.0,0.2840394899218429
693.0,0.28362813656931307
693.0,0.28321678321678323
693.2887499999999,0.2828054298642534
693.9625,0.28239407651172355
694.54,0.2819827231591937
696.85,0.281571369806664
696.85,0.28116001645413413
698.005,0.2807486631016043
698.005,0.28033730974907445
700.6999999999999,0.2799259563965446
700.6999999999999,0.27951460304401476
700.7,0.27910324969148503
702.24,0.2786918963389552
703.3950000000001,0.27828054298642535
705.1274999999999,0.2778691896338955
705.32,0.27745783628136567
708.4000000000001,0.2770464829288358
708.4000000000001,0.2766351295763061
709.6320000000001,0.27622377622377625
711.0179999999999,0.2758124228712464
711.48,0.27540106951871657
711.48,0.2749897161661867
711.48,0.2745783628136569
713.79,0.27416700946112715
714.5600000000001,0.2737556561085973
716.1,0.27334430275606747
717.64,0.27293294940353763
718.4100000000001,0.2725215960510078
719.9499999999999,0.27211024269847794
720.72,0.2716988893459482
721.5862499999998,0.27128753599341837
726.88,0.27087618264088853
730.3449999999999,0.2704648292883587
732.2700000000001,0.27005347593582885
732.703125,0.269642122583299
733.3287500000001,0.2692307692307693
734.58,0.26881941587823943
735.7349999999999,0.2684080625257096
736.12,0.26799670917317975
736.3125,0.2675853558206499
739.1999999999999,0.26717400246812006
739.1999999999999,0.26676264911559033
739.1999999999999,0.2663512957630605
739.1999999999999,0.26593994241053065
739.1999999999999,0.2655285890580008
739.1999999999999,0.26511723570547097
739.1999999999999,0.2647058823529411
739.1999999999999,0.2642945290004114
739.1999999999999,0.26388317564788155
739.1999999999999,0.2634718222953517
741.7987499999998,0.26306046894282187
742.28,0.262649115590292
743.204,0.2622377622377622
745.3600000000001,0.26182640888523245
746.9,0.2614150555327026
746.9,0.26100370218017277
747.8625,0.26059234882764293
748.4399999999999,0.2601809954751131
749.2099999999999,0.25976964212258324
753.0600000000001,0.2593582887700535
757.8340000000001,0.25894693541752367
757.96875,0.25853558206499383
759.99,0.258124228712464
761.43375,0.25771287535993415
762.1460000000001,0.2573015220074044
762.3,0.2568901686548746
766.9200000000001,0.25647881530234473
768.0749999999999,0.2560674619498149
770.0,0.25565610859728505
770.0,0.2552447552447552
770.0,0.2548334018922255
773.8499999999999,0.25442204853969563
776.16,0.2540106951871658
776.1600000000001,0.25359934183463595
776.1600000000001,0.2531879884821061
776.853,0.25277663512957627
777.6999999999999,0.25236528177704654
777.6999999999999,0.2519539284245167
777.6999999999999,0.25154257507198685
777.6999999999999,0.251131221719457
777.6999999999999,0.25071986836692717
780.2025,0.2503085150143973
780.78,0.2498971616618676
786.9399999999999,0.24948580830933775
787.094,0.2490744549568079
790.0200000000001,0.24866310160427807
791.5600000000001,0.24825174825174823
793.0999999999999,0.24784039489921839
796.9499999999999,0.24742904154668866
796.9499999999999,0.2470176881941588
797.335,0.24660633484162897
797.72,0.24619498148909913
797.72,0.2457836281365693
801.57,0.24537227478403945
801.724,0.24496092143150971
803.88,0.24454956807897987
803.88,0.24413821472645003
807.576,0.2437268613739202
808.5,0.24331550802139035
808.5,0.2429041546688605
813.12,0.24249280131633077
813.12,0.24208144796380093
813.89,0.2416700946112711
816.585,0.24125874125874125
817.74,0.2408473879062114
819.28,0.24043603455368157
820.05,0.24002468120115183
821.59,0.239613327848622
823.9,0.23920197449609215
826.30625,0.2387906211435623
828.7125,0.23837926779103247
828.7125,0.23796791443850263
829.521,0.2375565610859729
834.77625,0.23714520773344305
838.8187499999999,0.2367338543809132
840.84,0.23632250102838337
842.1875,0.23591114767585353
842.6880000000001,0.23549979432332369
842.6880000000001,0.23508844097079395
845.1520000000002,0.2346770876182641
847.0,0.23426573426573427
847.0,0.23385438091320443
848.925,0.2334430275606746
850.08,0.23303167420814475
850.8499999999999,0.23262032085561501
850.8499999999999,0.23220896750308517
854.6999999999999,0.23179761415055533
857.0100000000001,0.2313862607980255
859.5124999999999,0.23097490744549565
862.4,0.2305635540929658
862.4,0.23015220074043607
862.4,0.22974084738790623
863.07375,0.2293294940353764
863.9399999999999,0.22891814068284655
865.095,0.2285067873303167
866.25,0.22809543397778687
866.25,0.22768408062525713
867.79,0.2272727272727273
869.0219999999999,0.22686137392019745
870.0999999999999,0.2264500205676676
872.5062499999999,0.22603866721513777
873.9499999999999,0.22562731386260793
874.72,0.2252159605100782
875.875,0.22480460715754835
877.8,0.2243932538050185
877.8,0.22398190045248867
878.57,0.22357054709995883
878.57,0.2231591937474291
887.04,0.22274784039489925
889.3499999999999,0.2223364870423694
889.3499999999999,0.22192513368983957
891.8910000000001,0.22151378033730973
893.1999999999999,0.2211024269847799
893.1999999999999,0.22069107363225016
893.1999999999999,0.22027972027972031
896.28,0.21986836692719047
907.0600000000001,0.21945701357466063
910.14,0.2190456602221308
917.07,0.21863430686960095
920.15,0.21822295351707122
923.9999999999999,0.21781160016454137
929.005,0.21740024681201153
929.775,0.2169888934594817
931.6999999999999,0.21657754010695185
932.47,0.216166186754422
932.47,0.21575483340189228
933.24,0.21534348004936243
933.24,0.2149321266968326
935.55,0.21452077334430275
937.86,0.2141094199917729
942.48,0.21369806663924307
947.0999999999999,0.21328671328671334
947.0999999999999,0.2128753599341835
950.9499999999999,0.21246400658165365
952.6825,0.2120526532291238
954.8,0.21164129987659397
954.8,0.21122994652406413
956.7249999999999,0.2108185931715344
956.8019999999999,0.21040723981900455
958.265,0.2099958864664747
958.65,0.20958453311394487
960.96,0.20917317976141503
962.115,0.2087618264088852
962.4999999999999,0.20835047305635546
962.4999999999999,0.20793911970382561
962.4999999999999,0.20752776635129577
967.12,0.20711641299876593
972.895,0.2067050596462361
973.28,0.20629370629370625
974.05,0.20588235294117652
974.5312499999999,0.20547099958864667
974.82,0.20505964623611683
980.98,0.204648292883587
980.98,0.20423693953105715
981.7499999999999,0.2038255861785273
982.3275,0.20341423282599758
983.136,0.20300287947346773
985.5999999999999,0.2025915261209379
985.5999999999999,0.20218017276840805
986.37,0.2017688194158782
991.7600000000001,0.20135746606334837
994.8399999999999,0.20094611271081864
994.8399999999999,0.2005347593582888
997.1500000000001,0.20012340600575895
997.9200000000001,0.1997120526532291
1001.0000000000001,0.19930069930069927
1001.0000000000001,0.19888934594816943
1008.7,0.1984779925956397
1010.24,0.19806663924310985
1010.6250000000001,0.19765528589058
1013.859,0.19724393253805017
1016.4000000000001,0.19683257918552033
1016.4000000000001,0.1964212258329905
1016.4000000000001,0.19600987248046076
1016.4000000000001,0.19559851912793091
1016.7850000000001,0.19518716577540107
1022.637,0.19477581242287123
1024.1000000000001,0.1943644590703414
1024.1000000000001,0.19395310571781155
1024.1000000000001,0.19354175236528182
1024.1000000000001,0.19313039901275197
1025.6399999999999,0.19271904566022213
1026.795,0.1923076923076923
1028.72,0.19189633895516245
1030.8375,0.1914849856026326
1031.8000000000002,0.19107363225010288
1031.8000000000002,0.19066227889757303
1034.88,0.1902509255450432
1034.88,0.18983957219251335
1034.88,0.1894282188399835
1037.575,0.18901686548745378
1039.5,0.18860551213492394
1042.965,0.1881941587823941
1044.1200000000001,0.18778280542986425
1044.3125,0.1873714520773344
1046.045,0.18696009872480457
1047.2,0.18654874537227484
1047.2,0.186137392019745
1051.0500000000002,0.18572603866721515
1053.3600000000001,0.1853146853146853
1065.68,0.18490333196215547
1074.15,0.18449197860962563
1074.92,0.1840806252570959
1078.0,0.18366927190456606
1083.3899999999999,0.18325791855203621
1084.7375000000002,0.18284656519950637
1085.7,0.18243521184697653
1088.78,0.1820238584944467
1091.4750000000001,0.18161250514191696
1091.4750000000001,0.18120115178938712
1093.4,0.18078979843685727
1093.4,0.18037844508432743
1094.94,0.1799670917317976
1096.095,0.17955573837926775
1097.25,0.17914438502673802
1097.25,0.17873303167420818
1099.56,0.17832167832167833
1100.176,0.1779103249691485
1100.176,0.17749897161661865
1104.18,0.1770876182640888
1105.72,0.17667626491155908
1106.028,0.17626491155902924
1108.8000000000002,0.1758535582064994
1108.8000000000002,0.17544220485396955
1111.8799999999999,0.1750308515014397
1111.8799999999999,0.17461949814890987
1112.65,0.17420814479638014
1116.5,0.1737967914438503
1116.5,0.17338543809132045
1116.5,0.1729740847387906
1124.2,0.17256273138626077
1124.2,0.17215137803373093
1126.51,0.1717400246812012
1127.28,0.17132867132867136
1128.0500000000002,0.17091731797614151
1131.9,0.17050596462361167
1139.6000000000001,0.17009461127108183
1145.76,0.169683257918552
1146.62625,0.16927190456602226
1150.3799999999999,0.16886055121349242
1151.92,0.16844919786096257
1155.0,0.16803784450843273
1155.0,0.1676264911559029
1155.0,0.16721513780337305
1155.0,0.16680378445084332
1155.0,0.16639243109831348
1158.8500000000001,0.16598107774578363
1159.4275,0.1655697243932538
1165.99175,0.16515837104072395
1166.5500000000002,0.1647470176881941
1170.4,0.16433566433566438
1170.4,0.16392431098313454
1170.4,0.1635129576306047
1170.4,0.16310160427807485
1170.4,0.162690250925545
1172.325,0.16227889757301517
1177.715,0.16186754422048544
1178.1000000000001,0.1614561908679556
1179.0625,0.16104483751542575
1180.41,0.1606334841628959
1182.43125,0.16022213081036607
1182.72,0.15981077745783623
1182.72,0.1593994241053065
1182.72,0.15898807075277666
1182.72,0.1585767174002468
1185.8000000000002,0.15816536404771697
1187.34,0.15775401069518713
1191.96,0.1573426573426573
1193.8080000000002,0.15693130399012756
1195.04,0.15651995063759772
1197.658,0.15610859728506787
1198.1200000000001,0.15569724393253803
1199.66,0.1552858905800082
1206.9750000000001,0.15487453722747846
1207.3600000000001,0.15446318387494862
1210.44,0.15405183052241878
1211.364,0.15364047716988893
1220.835,0.1532291238173591
1226.2250000000001,0.15281777046482925
1228.15,0.15240641711229952
1228.92,0.15199506375976968
1228.92,0.15158371040723984
1232.0,0.15117235705471
1247.4,0.15076100370218015
1247.4,0.1503496503496503
1247.4,0.14993829699712058
1252.02,0.14952694364459074
1255.2540000000001,0.1491155902920609
1256.0625,0.14870423693953105
1256.6399999999999,0.1482928835870012
1262.8000000000002,0.14788153023447137
1262.8000000000002,0.14747017688194164
1263.28125,0.1470588235294118
1278.2,0.14664747017688196
1280.125,0.1462361168243521
1281.28,0.14582476347182227
1284.5140000000001,0.14541341011929243
1285.9,0.1450020567667627
1287.44,0.14459070341423286
1288.21,0.14417935006170302
1293.6000000000001,0.14376799670917317
1293.6000000000001,0.14335664335664333
1293.6000000000001,0.1429452900041135
1293.6000000000001,0.14253393665158376
1294.7549999999999,0.14212258329905392
1294.7549999999999,0.14171122994652408
1296.96875,0.14129987659399423
1299.375,0.1408885232414644
1305.15,0.14047716988893455
1306.4012500000001,0.14006581653640482
1309.0,0.13965446318387498
1309.0,0.13924310983134514
1309.0,0.1388317564788153
1312.8500000000001,0.13842040312628545
1316.238,0.1380090497737556
1316.7,0.13759769642122588
1320.5500000000002,0.13718634306869604
1324.4,0.1367749897161662
1331.33,0.13636363636363635
1336.72,0.1359522830111065
1339.8000000000002,0.13554092965857667
1339.8000000000002,0.13512957630604694
1347.5,0.1347182229535171
1347.5,0.13430686960098726
1352.1200000000001,0.1338955162484574
1352.1200000000001,0.13348416289592757
1353.275,0.13307280954339773
1355.2,0.132661456190868
1355.2,0.13225010283833816
1358.28,0.13183874948580832
1362.9,0.13142739613327847
1370.6000000000001,0.13101604278074863
1379.8400000000001,0.1306046894282188
1383.998,0.13019333607568906
1386.0,0.12978198272315922
1389.8500000000001,0.12937062937062938
1391.39,0.12895927601809953
1393.7,0.1285479226655697
1395.702,0.12813656931303985
1396.01,0.12772521596051012
1401.4,0.12731386260798028
1404.48,0.12690250925545044
1404.48,0.1264911559029206
1404.48,0.12607980255039075
1404.48,0.1256684491978609
1412.95,0.12525709584533118
1424.5,0.12484574249280134
1439.8999999999999,0.1244343891402715
1447.2149999999997,0.12402303578774165
1449.5249999999999,0.12361168243521181
1452.99,0.12320032908268197
1455.3,0.12278897573015224
1455.3,0.1223776223776224
1462.2781249999998,0.12196626902509256
1463.0,0.12155491567256271
1477.6299999999999,0.12114356232003287
1478.3999999999999,0.12073220896750303
1478.3999999999999,0.1203208556149733
1478.3999999999999,0.11990950226244346
1478.3999999999999,0.11949814890991362
1478.3999999999999,0.11908679555738377
1478.3999999999999,0.11867544220485393
1513.05,0.1182640888523242
1516.8999999999999,0.11785273549979436
1546.16,0.11744138214726452
1552.32,0.11703002879473468
1552.3200000000002,0.11661867544220483
1553.475,0.11620732208967499
1555.3999999999999,0.11579596873714526
1555.3999999999999,0.11538461538461542
1570.8,0.11497326203208558
1570.8,0.11456190867955574
1576.5749999999998,0.1141505553270259
1580.0400000000002,0.11373920197449605
1593.8999999999999,0.11332784862196632
1601.6,0.11291649526943648
1601.6,0.11250514191690664
1607.76,0.1120937885643768
1607.76,0.11168243521184695
1609.3,0.11127108185931711
1612.3799999999999,0.11085972850678738
1617.0,0.11044837515425754
1626.24,0.1100370218017277
1632.3999999999999,0.10962566844919786
1640.1,0.10921431509666801
1644.7200000000003,0.10880296174413817
1645.875,0.10839160839160844
1649.3400000000001,0.1079802550390786
1653.96,0.10756890168654876
1655.5,0.10715754833401891
1658.58,0.10674619498148907
1663.1999999999998,0.10633484162895923
1663.1999999999998,0.1059234882764295
1667.8200000000002,0.10551213492389966
1670.8999999999999,0.10510078157136982
1674.75,0.10468942821883997
1678.6,0.10427807486631013
1679.5240000000001,0.10386672151378029
1685.3760000000002,0.10345536816125056
1687.8400000000001,0.10304401480872072
1689.765,0.10263266145619088
1690.92,0.10222130810366103
1694.0,0.1018099547511312
1694.0,0.10139860139860135
1697.85,0.10098724804607162
1719.0249999999999,0.10057589469354178
1728.1687499999998,0.10016454134101194
1767.92,0.0997531879884821
1774.08,0.09934183463595225
1777.545,0.09893048128342241
1790.25,0.09851912793089268
1801.8,0.09810777457836284
1801.8,0.097696421225833
1801.8,0.09728506787330315
1804.8799999999999,0.09687371452077331
1817.1999999999998,0.09646236116824347
1843.3799999999999,0.09605100781571374
1847.9999999999998,0.0956396544631839
1847.9999999999998,0.09522830111065406
1855.6999999999998,0.09481694775812421
1862.4374999999998,0.09440559440559437
1863.3999999999999,0.09399424105306453
1866.788,0.0935828877005348
1871.1,0.09317153434800496
1871.1,0.09276018099547512
1879.7624999999998,0.09234882764294527
1880.3400000000001,0.09193747429041543
1882.6499999999999,0.09152612093788559
1884.96,0.09111476758535586
1884.96,0.09070341423282602
1891.89,0.09029206088029618
1901.8999999999999,0.08988070752776633
1909.2150000000001,0.08946935417523649
1913.4499999999998,0.08905800082270665
1920.1874999999998,0.08864664747017692
1948.1,0.08823529411764708
1963.4999999999998,0.08782394076511724
1983.5200000000002,0.0874125874125874
2025.1000000000001,0.08700123406005755
2025.1000000000001,0.08658988070752771
2026.64,0.08617852735499798
2027.9875000000002,0.08576717400246814
2041.4625,0.0853558206499383
2045.5049999999999,0.08494446729740845
2048.2000000000003,0.08453311394487861
2048.2000000000003,0.08412176059234888
2063.6000000000004,0.08371040723981904
2075.15,0.0832990538872892
2079.0,0.08288770053475936
2098.25,0.08247634718222951
2113.65,0.08206499382969967
2118.27,0.08165364047716994
2135.7875000000004,0.0812422871246401
2140.6000000000004,0.08083093377211026
2149.84,0.08041958041958042
2156.0,0.08000822706705057
2156.0,0.07959687371452073
2156.0,0.079185520361991
2156.0,0.07877416700946116
2179.87,0.07836281365693132
2182.9500000000003,0.07795146030440148
2186.8,0.07754010695187163
2202.2000000000003,0.07712875359934179
2206.204,0.07671740024681206
2217.6000000000004,0.07630604689428222
2217.6000000000004,0.07589469354175238
2217.6000000000004,0.07548334018922254
2217.6000000000004,0.0750719868366927
2223.375,0.07466063348416285
2236.08,0.07424928013163312
2238.39,0.07383792677910328
2271.5,0.07342657342657344
2285.206,0.0730152200740436
2286.9,0.07260386672151375
2294.6000000000004,0.07219251336898391
2310.0,0.07178116001645418
2310.0,0.07136980666392434
2310.0,0.0709584533113945
2310.0,0.07054709995886466
2340.8,0.07013574660633481
2363.9,0.06972439325380497
2365.44,0.06931303990127524
2365.44,0.0689016865487454
2371.6000000000004,0.06849033319621556
2399.32,0.06807897984368572
2402.4,0.06766762649115587
2405.48,0.06725627313862603
2405.48,0.0668449197860963
2413.9500000000003,0.06643356643356646
2435.895,0.06602221308103662
2445.7125,0.06561085972850678
2456.3,0.06519950637597693
2459.1875,0.06478815302344709
2502.5,0.06437679967091736
2522.52,0.06396544631838752
2529.4500000000003,0.06355409296585768
2541.0,0.06314273961332784
2548.7000000000003,0.062731386260798
2556.4,0.06232003290826815
2571.8,0.06190867955573842
2587.2000000000003,0.06149732620320858
2587.2000000000003,0.06108597285067874
2598.75,0.060674619498148896
2600.675,0.060263266145619054
2656.5,0.05985191279308921
2656.5,0.05944055944055948
2670.36,0.05902920608802964
2671.9,0.0586178527354998
2695.0,0.058206499382969956
2710.4,0.057795146030440114
2722.7200000000003,0.05738379267791027
2725.8,0.05697243932538054
2759.6800000000003,0.0565610859728507
2772.0,0.05614973262032086
2792.02,0.055738379267791016
2843.2250000000004,0.055327025915261174
2845.9199999999996,0.05491567256273133
2887.5,0.0545043192102016
2887.5,0.05409296585767176
2899.0499999999997,0.05368161250514192
2924.075,0.053270259152612076
2936.241,0.052858905800082234
2982.98,0.05244755244755239
2998.1875,0.05203619909502266
3007.62,0.05162484574249282
3022.25,0.05121349238996298
3041.5,0.050802139037433136
3043.0400000000004,0.050390785684903294
3067.6800000000003,0.04997943233237356
3072.2999999999997,0.04956807897984372
3072.2999999999997,0.04915672562731388
3077.6899999999996,0.04874537227478404
3110.7999999999997,0.048334018922254196
3130.0499999999997,0.047922665569724354
3137.75,0.04751131221719462
3187.7999999999997,0.04709995886466478
3241.7,0.04668860551213494
3291.75,0.0462772521596051
3303.2999999999997,0.045865898807075256
3368.75,0.045454545454545414
3384.92,0.04504319210201568
3389.9249999999997,0.04463183874948584
3423.42,0.044220485396956
3430.9275000000002,0.04380913204442616
3466.44375,0.043397778691896316
3467.31,0.042986425339366474
3480.3999999999996,0.04257507198683674
3511.2,0.0421637186343069
3529.6800000000003,0.04175236528177706
3557.3999999999996,0.04134101192924722
3565.1,0.040929658576717376
3584.35,0.040518305224187534
3622.08,0.0401069518716578
3638.2499999999995,0.03969559851912796
3649.7999999999997,0.03928424516659812
3680.6,0.03887289181406828
3722.565,0.038461538461538436
3734.4999999999995,0.038050185109008594
3763.5675,0.03763883175647886
3769.92,0.03722747840394902
3811.4999999999995,0.03681612505141918
3833.6375,0.03640477169888934
3849.9999999999995,0.035993418346359496
3871.56,0.035582064993829654
3880.7999999999997,0.03517071164129992
4054.05,0.03475935828877008
4081.0000000000005,0.03434800493624024
4139.52,0.0339366515837104
4188.8,0.033525298231180556
4236.54,0.033113944878650714
4250.400000000001,0.03270259152612098
4278.3125,0.03229123817359114
4327.400000000001,0.0318798848210613
4342.9925,0.03146853146853146
4412.1,0.031057178116001616
4435.200000000001,0.030645824763471774
4466.0,0.030234471410942043
4495.837500000001,0.0298231180584122
4537.302,0.02941176470588236
4541.9220000000005,0.029000411353352518
4544.155,0.028589058000822676
4581.5,0.028177704648292834
4581.5,0.027766351295763103
4607.68,0.02735499794323326
4608.450000000001,0.02694364459070342
4627.854,0.026532291238173578
4635.400000000001,0.026120937885643736
4647.951,0.025709584533113894
4681.6,0.025298231180584163
4754.75,0.02488687782805432
4781.700000000001,0.02447552447552448
4851.0,0.024064171122994638
4918.375,0.023652817770464796
4931.85,0.023241464417934954
4989.6,0.022830111065405223
5120.5,0.02241875771287538
5220.6,0.02200740436034554
5255.25,0.021596051007815698
5382.3,0.021184697655285856
5396.16,0.020773344302756014
5396.7375,0.020361990950226283
5433.12,0.01995063759769644
5497.8,0.0195392842451666
5508.195,0.019127930892636757
5513.200000000001,0.018716577540106916
5544.0,0.018305224187577074
5580.575000000001,0.017893870835047343
5621.0,0.0174825174825175
5821.2,0.01707116412998766
5869.71,0.016659810777457817
5876.64,0.016248457424927976
5913.599999999999,0.015837104072398245
6144.599999999999,0.015425750719868403
6144.599999999999,0.015014397367338561
6283.2,0.01460304401480872
6375.599999999999,0.014191690662278877
6537.299999999999,0.013780337309749036
6554.24,0.013368983957219305
6652.799999999999,0.012957630604689463
6652.799999999999,0.012546277252159621
7161.0,0.01213492389962978
7161.0,0.011723570547099937
7279.888,0.011312217194570096
7299.599999999999,0.010900863842040365
7391.999999999999,0.010489510489510523
7485.362499999999,0.010078157136980681
7519.049999999999,0.00966680378445084
7646.099999999999,0.009255450431920997
8454.6,0.008844097079391156
8870.400000000001,0.008432743726861425
8870.400000000001,0.008021390374331583
9447.900000000001,0.007610037021801741
9471.0,0.007198683669271899
10150.14,0.006787330316742057
10422.9125,0.0063759769642122155
10533.6,0.005964623611682485
13020.699999999999,0.005553270259152643
13459.599999999999,0.005141916906622801
14224.672,0.004730563554092959
14822.499999999998,0.004319210201563117
15038.099999999999,0.0039078568490332755
15881.250000000002,0.0034965034965035446
15954.400000000001,0.003085150143973703
16478.0,0.002673796791443861
17432.800000000003,0.002262443438914019
18757.2,0.0018510900863841773
19311.600000000002,0.0014397367338543354
23300.199999999997,0.0010283833813246046
25410.0,0.0006170300287947628
32986.8,0.00020567667626492092
